StartTime,StartFrame,FeedTubeIdx,FlyID,ChoiceIdx,AviFile,Volume-mm3,Duration-ms,Evap-mm3/s,Valid,RelativeTime-s,ExperimentState
01/03/2017 12:43:55.991,2736676,4,2,0,FeedEvent_4_2017-03-01_12-43-55.991.avi,0.020065,4553,0.000500,TRUE,0.706,Started
01/03/2017 12:43:57.620,2736725,2,1,0,FeedEvent_2_2017-03-01_12-43-57.620.avi,0.003219,3556,0.000500,TRUE,2.335,Started
01/03/2017 12:43:55.293,2736655,23,11,1,FeedEvent_23_2017-03-01_12-43-55.293.avi,0.064040,13461,0.000500,TRUE,0.008,Started
01/03/2017 12:44:59.147,2738576,32,16,0,FeedEvent_32_2017-03-01_12-44-59.147.avi,0.001416,5153,0.000000,TRUE,63.862,Started
01/03/2017 12:46:38.736,2741572,55,27,1,FeedEvent_55_2017-03-01_12-46-38.736.avi,0.052230,16254,0.000060,TRUE,163.451,Started
01/03/2017 12:46:55.024,2742062,55,27,1,FeedEvent_55_2017-03-01_12-46-55.024.avi,0.001195,4520,0.000060,TRUE,179.739,Started
01/03/2017 12:47:10.480,2742527,29,14,1,FeedEvent_29_2017-03-01_12-47-10.480.avi,0.091719,21306,0.000000,TRUE,195.196,Started
01/03/2017 12:47:19.056,2742785,3,1,1,FeedEvent_3_2017-03-01_12-47-19.056.avi,0.102127,30746,0.000076,TRUE,203.771,Started
01/03/2017 12:47:34.047,2743236,25,12,1,FeedEvent_25_2017-03-01_12-47-34.047.avi,0.162863,37959,0.000038,TRUE,218.763,Started
01/03/2017 12:48:12.041,2744379,25,12,1,FeedEvent_25_2017-03-01_12-48-12.041.avi,0.001093,3058,0.000038,TRUE,256.757,Started
01/03/2017 12:48:41.858,2745276,30,15,0,FeedEvent_30_2017-03-01_12-48-41.858.avi,0.092495,22137,0.000079,TRUE,286.574,Started
01/03/2017 12:49:18.422,2746376,59,29,1,FeedEvent_59_2017-03-01_12-49-18.422.avi,0.052942,18714,0.000092,TRUE,323.137,Started
01/03/2017 12:49:51.729,2747378,18,9,0,FeedEvent_18_2017-03-01_12-49-51.729.avi,0.086793,28918,0.000057,TRUE,356.445,Started
01/03/2017 12:50:25.934,2748407,7,3,1,FeedEvent_7_2017-03-01_12-50-25.934.avi,0.091694,27190,0.000000,TRUE,390.649,Started
01/03/2017 12:50:53.157,2749226,7,3,1,FeedEvent_7_2017-03-01_12-50-53.157.avi,0.001612,1296,0.000000,TRUE,417.873,Started
01/03/2017 12:50:51.263,2749169,3,1,1,FeedEvent_3_2017-03-01_12-50-51.263.avi,0.079117,18215,0.000106,TRUE,415.979,Started
01/03/2017 12:51:18.354,2749984,25,12,1,FeedEvent_25_2017-03-01_12-51-18.354.avi,0.042113,13196,0.000063,TRUE,443.069,Started
01/03/2017 12:51:00.902,2749459,40,20,0,FeedEvent_40_2017-03-01_12-51-00.902.avi,0.154586,52019,0.000029,TRUE,425.618,Started
01/03/2017 12:51:30.785,2750358,49,24,1,FeedEvent_49_2017-03-01_12-51-30.785.avi,0.131128,33273,0.000109,TRUE,455.501,Started
01/03/2017 12:52:04.092,2751360,49,24,1,FeedEvent_49_2017-03-01_12-52-04.092.avi,0.001032,2327,0.000109,TRUE,488.808,Started
01/03/2017 12:52:43.482,2752545,55,27,1,FeedEvent_55_2017-03-01_12-52-43.482.avi,0.012090,9240,0.000104,TRUE,528.198,Started
01/03/2017 12:52:49.565,2752728,34,17,0,FeedEvent_34_2017-03-01_12-52-49.565.avi,0.088078,25595,0.000136,TRUE,534.280,Started
01/03/2017 12:56:50.492,2759976,47,23,1,FeedEvent_47_2017-03-01_12-56-50.492.avi,0.162152,42877,0.000092,TRUE,775.208,Started
01/03/2017 12:59:32.871,2764861,49,24,1,FeedEvent_49_2017-03-01_12-59-32.871.avi,0.001086,9041,0.000174,TRUE,937.587,Started
01/03/2017 13:01:46.830,2768891,49,24,1,FeedEvent_49_2017-03-01_13-01-46.830.avi,0.068397,21838,0.000174,TRUE,1071.545,Started
01/03/2017 13:02:25.057,2770041,21,10,1,FeedEvent_21_2017-03-01_13-02-25.057.avi,0.082443,19743,0.000042,TRUE,1109.772,Started
01/03/2017 13:02:44.834,2770636,21,10,1,FeedEvent_21_2017-03-01_13-02-44.834.avi,0.001533,1529,0.000042,TRUE,1129.550,Started
01/03/2017 13:02:46.397,2770683,21,10,1,FeedEvent_21_2017-03-01_13-02-46.397.avi,0.001002,1695,0.000042,TRUE,1131.112,Started
01/03/2017 13:02:48.125,2770735,21,10,1,FeedEvent_21_2017-03-01_13-02-48.125.avi,0.025473,7912,0.000042,TRUE,1132.840,Started
01/03/2017 13:02:56.070,2770974,21,10,1,FeedEvent_21_2017-03-01_13-02-56.070.avi,0.001177,6847,0.000042,TRUE,1140.785,Started
01/03/2017 13:06:35.888,2777587,32,16,0,FeedEvent_32_2017-03-01_13-06-35.888.avi,0.326260,50457,0.000135,TRUE,1360.603,Started
01/03/2017 13:09:34.222,2782952,33,16,1,FeedEvent_33_2017-03-01_13-09-34.222.avi,0.077851,18514,0.000296,TRUE,1538.938,Started
01/03/2017 13:09:30.400,2782837,57,28,1,FeedEvent_57_2017-03-01_13-09-30.400.avi,0.272228,51720,0.000125,TRUE,1535.115,Started
01/03/2017 13:10:21.191,2784365,55,27,1,FeedEvent_55_2017-03-01_13-10-21.191.avi,0.048693,16620,0.000055,TRUE,1585.907,Started
01/03/2017 13:10:37.845,2784866,55,27,1,FeedEvent_55_2017-03-01_13-10-37.845.avi,0.001030,10072,0.000055,TRUE,1602.560,Started
01/03/2017 13:10:45.491,2785096,46,23,0,FeedEvent_46_2017-03-01_13-10-45.491.avi,0.007729,9771,0.000082,TRUE,1610.206,Started
01/03/2017 13:13:12.479,2789518,26,13,0,FeedEvent_26_2017-03-01_13-13-12.479.avi,0.119764,26126,0.000058,TRUE,1757.195,Started
01/03/2017 13:13:38.639,2790305,26,13,0,FeedEvent_26_2017-03-01_13-13-38.639.avi,0.021371,6515,0.000058,TRUE,1783.354,Started
01/03/2017 13:13:45.188,2790502,26,13,0,FeedEvent_26_2017-03-01_13-13-45.188.avi,0.027479,8775,0.000058,TRUE,1789.903,Started
01/03/2017 13:13:53.996,2790767,26,13,0,FeedEvent_26_2017-03-01_13-13-53.996.avi,0.001148,3092,0.000058,TRUE,1798.712,Started
01/03/2017 13:13:57.121,2790861,26,13,0,FeedEvent_26_2017-03-01_13-13-57.121.avi,0.007698,9273,0.000058,TRUE,1801.836,Started
01/03/2017 13:14:06.429,2791141,26,13,0,FeedEvent_26_2017-03-01_13-14-06.429.avi,0.003389,11866,0.000058,TRUE,1811.144,Started
01/03/2017 13:14:18.328,2791499,26,13,0,FeedEvent_26_2017-03-01_13-14-18.328.avi,0.001284,7811,0.000058,TRUE,1823.043,Started
01/03/2017 13:14:37.741,2792083,26,13,0,FeedEvent_26_2017-03-01_13-14-37.741.avi,0.007481,12465,0.000058,TRUE,1842.456,Started
01/03/2017 13:14:50.239,2792459,26,13,0,FeedEvent_26_2017-03-01_13-14-50.239.avi,0.001416,4421,0.000058,TRUE,1854.954,Started
01/03/2017 13:14:54.693,2792593,26,13,0,FeedEvent_26_2017-03-01_13-14-54.693.avi,0.001101,2758,0.000058,TRUE,1859.409,Started
01/03/2017 13:14:50.871,2792478,20,10,0,FeedEvent_20_2017-03-01_13-14-50.871.avi,0.042809,12297,0.000140,TRUE,1855.587,Started
01/03/2017 13:14:35.481,2792015,39,19,1,FeedEvent_39_2017-03-01_13-14-35.481.avi,0.209117,41083,0.000098,TRUE,1840.196,Started
01/03/2017 13:15:08.887,2793020,20,10,0,FeedEvent_20_2017-03-01_13-15-08.887.avi,0.015939,9473,0.000140,TRUE,1873.602,Started
01/03/2017 13:15:16.599,2793252,39,19,1,FeedEvent_39_2017-03-01_13-15-16.599.avi,0.001039,5518,0.000098,TRUE,1881.314,Started
01/03/2017 13:15:04.565,2792890,59,29,1,FeedEvent_59_2017-03-01_13-15-04.565.avi,0.096156,23633,0.000290,TRUE,1869.281,Started
01/03/2017 13:15:28.233,2793602,59,29,1,FeedEvent_59_2017-03-01_13-15-28.233.avi,0.024521,11634,0.000290,TRUE,1892.948,Started
01/03/2017 13:15:39.900,2793953,59,29,1,FeedEvent_59_2017-03-01_13-15-39.900.avi,0.001070,4487,0.000290,TRUE,1904.615,Started
01/03/2017 13:29:08.705,2818285,34,17,0,FeedEvent_34_2017-03-01_13-29-08.705.avi,0.003804,9174,0.000331,TRUE,2713.420,Started
01/03/2017 13:33:33.298,2826245,59,29,1,FeedEvent_59_2017-03-01_13-33-33.298.avi,0.001490,10637,0.000175,TRUE,2978.014,Started
01/03/2017 13:33:46.363,2826638,59,29,1,FeedEvent_59_2017-03-01_13-33-46.363.avi,0.001096,7179,0.000175,TRUE,2991.078,Started
01/03/2017 13:33:53.774,2826861,59,29,1,FeedEvent_59_2017-03-01_13-33-53.774.avi,0.001331,5152,0.000175,TRUE,2998.490,Started
01/03/2017 13:33:58.960,2827017,59,29,1,FeedEvent_59_2017-03-01_13-33-58.960.avi,0.001145,5452,0.000175,TRUE,3003.675,Started
01/03/2017 13:34:04.578,2827186,59,29,1,FeedEvent_59_2017-03-01_13-34-04.578.avi,0.002307,6049,0.000175,TRUE,3009.294,Started
01/03/2017 13:34:10.694,2827370,59,29,1,FeedEvent_59_2017-03-01_13-34-10.694.avi,0.001011,6049,0.000175,TRUE,3015.410,Started
01/03/2017 13:34:16.778,2827553,59,29,1,FeedEvent_59_2017-03-01_13-34-16.778.avi,0.001566,2460,0.000175,TRUE,3021.493,Started
01/03/2017 13:34:19.270,2827628,59,29,1,FeedEvent_59_2017-03-01_13-34-19.270.avi,0.001205,6714,0.000175,TRUE,3023.985,Started
01/03/2017 13:34:26.018,2827831,59,29,1,FeedEvent_59_2017-03-01_13-34-26.018.avi,0.001158,2526,0.000175,TRUE,3030.733,Started
01/03/2017 13:34:28.578,2827908,59,29,1,FeedEvent_59_2017-03-01_13-34-28.578.avi,0.001003,5816,0.000175,TRUE,3033.293,Started
01/03/2017 13:34:34.427,2828084,59,29,1,FeedEvent_59_2017-03-01_13-34-34.427.avi,0.001096,6915,0.000175,TRUE,3039.143,Started
01/03/2017 13:34:41.375,2828293,59,29,1,FeedEvent_59_2017-03-01_13-34-41.375.avi,0.001534,9373,0.000175,TRUE,3046.091,Started
01/03/2017 13:38:08.297,2834518,59,29,1,FeedEvent_59_2017-03-01_13-38-08.297.avi,0.001259,11400,0.000175,TRUE,3253.012,Started
01/03/2017 13:38:31.365,2835212,59,29,1,FeedEvent_59_2017-03-01_13-38-31.365.avi,0.001071,9507,0.000175,TRUE,3276.081,Started
01/03/2017 13:38:40.905,2835499,59,29,1,FeedEvent_59_2017-03-01_13-38-40.905.avi,0.001004,8941,0.000175,TRUE,3285.621,Started
01/03/2017 13:38:49.880,2835769,59,29,1,FeedEvent_59_2017-03-01_13-38-49.880.avi,0.001229,5883,0.000175,TRUE,3294.595,Started
01/03/2017 13:38:55.797,2835947,59,29,1,FeedEvent_59_2017-03-01_13-38-55.797.avi,0.002256,8344,0.000175,TRUE,3300.512,Started
01/03/2017 13:39:14.910,2836522,59,29,1,FeedEvent_59_2017-03-01_13-39-14.910.avi,0.001162,4554,0.000175,TRUE,3319.626,Started
01/03/2017 13:39:32.494,2837051,59,29,1,FeedEvent_59_2017-03-01_13-39-32.494.avi,0.001158,10438,0.000175,TRUE,3337.210,Started
01/03/2017 13:40:01.048,2837910,54,27,0,FeedEvent_54_2017-03-01_13-40-01.048.avi,0.012835,9507,0.000070,TRUE,3365.764,Started
01/03/2017 13:40:10.588,2838197,54,27,0,FeedEvent_54_2017-03-01_13-40-10.588.avi,0.001172,1163,0.000070,TRUE,3375.303,Started
01/03/2017 13:40:11.784,2838233,54,27,0,FeedEvent_54_2017-03-01_13-40-11.784.avi,0.001352,1961,0.000070,TRUE,3376.500,Started
01/03/2017 13:40:13.779,2838293,54,27,0,FeedEvent_54_2017-03-01_13-40-13.779.avi,0.001037,5716,0.000070,TRUE,3378.495,Started
01/03/2017 13:43:50.407,2844810,59,29,1,FeedEvent_59_2017-03-01_13-43-50.407.avi,0.001184,9540,0.000175,TRUE,3595.122,Started
01/03/2017 13:43:59.980,2845098,59,29,1,FeedEvent_59_2017-03-01_13-43-59.980.avi,0.001116,10037,0.000175,TRUE,3604.695,Started
01/03/2017 13:44:10.052,2845401,59,29,1,FeedEvent_59_2017-03-01_13-44-10.052.avi,0.001014,10836,0.000175,TRUE,3614.767,Started
01/03/2017 13:44:20.921,2845728,59,29,1,FeedEvent_59_2017-03-01_13-44-20.921.avi,0.001198,4753,0.000175,TRUE,3625.637,Started
01/03/2017 13:44:25.708,2845872,59,29,1,FeedEvent_59_2017-03-01_13-44-25.708.avi,0.001244,5585,0.000175,TRUE,3630.423,Started
01/03/2017 13:44:31.325,2846041,59,29,1,FeedEvent_59_2017-03-01_13-44-31.325.avi,0.001767,7811,0.000175,TRUE,3636.041,Started
01/03/2017 13:44:39.170,2846277,59,29,1,FeedEvent_59_2017-03-01_13-44-39.170.avi,0.001804,6515,0.000175,TRUE,3643.885,Started
01/03/2017 13:44:45.719,2846474,59,29,1,FeedEvent_59_2017-03-01_13-44-45.719.avi,0.001314,6549,0.000175,TRUE,3650.434,Started
01/03/2017 13:44:52.300,2846672,59,29,1,FeedEvent_59_2017-03-01_13-44-52.300.avi,0.001276,7179,0.000175,TRUE,3657.016,Started
01/03/2017 13:44:59.513,2846889,59,29,1,FeedEvent_59_2017-03-01_13-44-59.513.avi,0.001116,12133,0.000175,TRUE,3664.228,Started
01/03/2017 13:45:11.679,2847255,59,29,1,FeedEvent_59_2017-03-01_13-45-11.679.avi,0.001118,6215,0.000175,TRUE,3676.395,Started
01/03/2017 13:48:15.732,2852792,3,1,1,FeedEvent_3_2017-03-01_13-48-15.732.avi,0.001007,8875,0.000163,TRUE,3860.447,Started
01/03/2017 13:48:25.171,2853076,3,1,1,FeedEvent_3_2017-03-01_13-48-25.171.avi,0.001147,4487,0.000163,TRUE,3869.887,Started
01/03/2017 13:48:59.542,2854110,59,29,1,FeedEvent_59_2017-03-01_13-48-59.542.avi,0.001518,11568,0.000175,TRUE,3904.257,Started
01/03/2017 13:49:11.143,2854459,59,29,1,FeedEvent_59_2017-03-01_13-49-11.143.avi,0.001268,10603,0.000175,TRUE,3915.859,Started
01/03/2017 13:49:32.151,2855091,59,29,1,FeedEvent_59_2017-03-01_13-49-32.151.avi,0.001449,7744,0.000175,TRUE,3936.867,Started
01/03/2017 13:49:39.929,2855325,59,29,1,FeedEvent_59_2017-03-01_13-49-39.929.avi,0.001311,4122,0.000175,TRUE,3944.644,Started
01/03/2017 13:49:44.084,2855450,59,29,1,FeedEvent_59_2017-03-01_13-49-44.084.avi,0.001110,10969,0.000175,TRUE,3948.800,Started
01/03/2017 13:49:55.086,2855781,59,29,1,FeedEvent_59_2017-03-01_13-49-55.086.avi,0.001036,10205,0.000175,TRUE,3959.802,Started
01/03/2017 13:50:07.419,2856152,20,10,0,FeedEvent_20_2017-03-01_13-50-07.419.avi,0.008591,8575,0.000155,TRUE,3972.134,Started
01/03/2017 13:50:16.993,2856440,59,29,1,FeedEvent_59_2017-03-01_13-50-16.993.avi,0.001211,11501,0.000175,TRUE,3981.708,Started
01/03/2017 13:54:13.929,2863568,59,29,1,FeedEvent_59_2017-03-01_13-54-13.929.avi,0.001133,12665,0.000175,TRUE,4218.645,Started
01/03/2017 13:54:26.628,2863950,59,29,1,FeedEvent_59_2017-03-01_13-54-26.628.avi,0.001724,13694,0.000175,TRUE,4231.343,Started
01/03/2017 13:54:40.356,2864363,59,29,1,FeedEvent_59_2017-03-01_13-54-40.356.avi,0.001105,5153,0.000175,TRUE,4245.071,Started
01/03/2017 13:54:57.674,2864884,59,29,1,FeedEvent_59_2017-03-01_13-54-57.674.avi,0.001039,4322,0.000175,TRUE,4262.389,Started
01/03/2017 13:55:02.028,2865015,59,29,1,FeedEvent_59_2017-03-01_13-55-02.028.avi,0.001149,4355,0.000175,TRUE,4266.744,Started
01/03/2017 13:55:06.417,2865147,59,29,1,FeedEvent_59_2017-03-01_13-55-06.417.avi,0.001196,4487,0.000175,TRUE,4271.132,Started
01/03/2017 13:55:10.937,2865283,59,29,1,FeedEvent_59_2017-03-01_13-55-10.937.avi,0.001161,7679,0.000175,TRUE,4275.653,Started
01/03/2017 13:55:18.649,2865515,59,29,1,FeedEvent_59_2017-03-01_13-55-18.649.avi,0.001093,3025,0.000175,TRUE,4283.364,Started
01/03/2017 13:55:21.707,2865607,59,29,1,FeedEvent_59_2017-03-01_13-55-21.707.avi,0.001255,8508,0.000175,TRUE,4286.423,Started
01/03/2017 13:55:30.250,2865864,59,29,1,FeedEvent_59_2017-03-01_13-55-30.250.avi,0.001431,11202,0.000175,TRUE,4294.965,Started
01/03/2017 13:55:41.485,2866202,59,29,1,FeedEvent_59_2017-03-01_13-55-41.485.avi,0.001085,8010,0.000175,TRUE,4306.201,Started
01/03/2017 13:55:49.529,2866444,59,29,1,FeedEvent_59_2017-03-01_13-55-49.529.avi,0.001044,7513,0.000175,TRUE,4314.244,Started
01/03/2017 13:55:57.075,2866671,59,29,1,FeedEvent_59_2017-03-01_13-55-57.075.avi,0.001528,6448,0.000175,TRUE,4321.790,Started
01/03/2017 13:55:40.920,2866185,39,19,1,FeedEvent_39_2017-03-01_13-55-40.920.avi,0.070634,32674,0.000134,TRUE,4305.636,Started
01/03/2017 13:57:10.071,2868867,55,27,1,FeedEvent_55_2017-03-01_13-57-10.071.avi,0.001496,4885,0.000106,TRUE,4394.786,Started
01/03/2017 13:57:39.721,2869759,22,11,0,FeedEvent_22_2017-03-01_13-57-39.721.avi,0.131098,23367,0.000259,TRUE,4424.436,Started
01/03/2017 13:58:35.599,2871440,22,11,0,FeedEvent_22_2017-03-01_13-58-35.599.avi,0.044419,11301,0.000259,TRUE,4480.314,Started
01/03/2017 13:59:54.976,2873828,59,29,1,FeedEvent_59_2017-03-01_13-59-54.976.avi,0.001016,6282,0.000175,TRUE,4559.692,Started
01/03/2017 14:00:11.397,2874322,59,29,1,FeedEvent_59_2017-03-01_14-00-11.397.avi,0.001129,4488,0.000175,TRUE,4576.113,Started
01/03/2017 14:00:15.918,2874458,59,29,1,FeedEvent_59_2017-03-01_14-00-15.918.avi,0.001139,7877,0.000175,TRUE,4580.633,Started
01/03/2017 14:00:23.828,2874696,59,29,1,FeedEvent_59_2017-03-01_14-00-23.828.avi,0.001218,13030,0.000175,TRUE,4588.544,Started
01/03/2017 14:00:36.893,2875089,59,29,1,FeedEvent_59_2017-03-01_14-00-36.893.avi,0.001500,7179,0.000175,TRUE,4601.608,Started
01/03/2017 14:00:44.105,2875306,59,29,1,FeedEvent_59_2017-03-01_14-00-44.105.avi,0.001284,8510,0.000175,TRUE,4608.821,Started
01/03/2017 14:02:55.572,2879261,22,11,0,FeedEvent_22_2017-03-01_14-02-55.572.avi,0.030236,10369,0.000089,TRUE,4740.287,Started
01/03/2017 14:03:18.241,2879943,38,19,0,FeedEvent_38_2017-03-01_14-03-18.241.avi,0.011463,12399,0.000304,TRUE,4762.956,Started
01/03/2017 14:03:32.135,2880361,38,19,0,FeedEvent_38_2017-03-01_14-03-32.135.avi,0.013108,10802,0.000304,TRUE,4776.851,Started
01/03/2017 14:03:43.437,2880701,38,19,0,FeedEvent_38_2017-03-01_14-03-43.437.avi,0.001187,3158,0.000304,TRUE,4788.153,Started
01/03/2017 14:05:23.590,2883714,59,29,1,FeedEvent_59_2017-03-01_14-05-23.590.avi,0.001073,7480,0.000175,TRUE,4888.306,Started
01/03/2017 14:05:31.103,2883940,59,29,1,FeedEvent_59_2017-03-01_14-05-31.103.avi,0.001063,10337,0.000175,TRUE,4895.819,Started
01/03/2017 14:05:41.474,2884252,59,29,1,FeedEvent_59_2017-03-01_14-05-41.474.avi,0.002002,6416,0.000175,TRUE,4906.190,Started
01/03/2017 14:05:47.923,2884446,59,29,1,FeedEvent_59_2017-03-01_14-05-47.923.avi,0.001159,3756,0.000175,TRUE,4912.638,Started
01/03/2017 14:05:51.712,2884560,59,29,1,FeedEvent_59_2017-03-01_14-05-51.712.avi,0.002243,6315,0.000175,TRUE,4916.428,Started
01/03/2017 14:05:58.061,2884751,59,29,1,FeedEvent_59_2017-03-01_14-05-58.061.avi,0.001088,3889,0.000175,TRUE,4922.776,Started
01/03/2017 14:06:01.983,2884869,59,29,1,FeedEvent_59_2017-03-01_14-06-01.983.avi,0.001105,4355,0.000175,TRUE,4926.699,Started
01/03/2017 14:06:06.371,2885001,59,29,1,FeedEvent_59_2017-03-01_14-06-06.371.avi,0.001404,7113,0.000175,TRUE,4931.086,Started
01/03/2017 14:06:13.517,2885216,59,29,1,FeedEvent_59_2017-03-01_14-06-13.517.avi,0.001008,6448,0.000175,TRUE,4938.233,Started
01/03/2017 14:06:20.000,2885411,59,29,1,FeedEvent_59_2017-03-01_14-06-20.000.avi,0.001038,2660,0.000175,TRUE,4944.715,Started
01/03/2017 14:06:22.692,2885492,59,29,1,FeedEvent_59_2017-03-01_14-06-22.692.avi,0.001612,8675,0.000175,TRUE,4947.408,Started
01/03/2017 14:06:31.401,2885754,59,29,1,FeedEvent_59_2017-03-01_14-06-31.401.avi,0.001047,6514,0.000175,TRUE,4956.117,Started
01/03/2017 14:06:49.883,2886310,59,29,1,FeedEvent_59_2017-03-01_14-06-49.883.avi,0.001016,5916,0.000175,TRUE,4974.598,Started
01/03/2017 14:10:30.466,2892946,59,29,1,FeedEvent_59_2017-03-01_14-10-30.466.avi,0.001078,8442,0.000175,TRUE,5195.181,Started
01/03/2017 14:10:51.407,2893576,59,29,1,FeedEvent_59_2017-03-01_14-10-51.407.avi,0.001099,5551,0.000175,TRUE,5216.123,Started
01/03/2017 14:10:56.992,2893744,59,29,1,FeedEvent_59_2017-03-01_14-10-56.992.avi,0.001448,11867,0.000175,TRUE,5221.707,Started
01/03/2017 14:11:08.892,2894102,59,29,1,FeedEvent_59_2017-03-01_14-11-08.892.avi,0.001201,6381,0.000175,TRUE,5233.607,Started
01/03/2017 14:11:15.307,2894295,59,29,1,FeedEvent_59_2017-03-01_14-11-15.307.avi,0.001136,6149,0.000175,TRUE,5240.023,Started
01/03/2017 14:11:12.947,2894224,57,28,1,FeedEvent_57_2017-03-01_14-11-12.947.avi,0.004874,8775,0.000089,TRUE,5237.663,Started
01/03/2017 14:11:21.490,2894481,59,29,1,FeedEvent_59_2017-03-01_14-11-21.490.avi,0.001319,2094,0.000175,TRUE,5246.206,Started
01/03/2017 14:11:23.617,2894545,59,29,1,FeedEvent_59_2017-03-01_14-11-23.617.avi,0.001030,7478,0.000175,TRUE,5248.333,Started
01/03/2017 14:11:43.029,2895129,59,29,1,FeedEvent_59_2017-03-01_14-11-43.029.avi,0.001051,5850,0.000175,TRUE,5267.745,Started
01/03/2017 14:13:30.961,2898376,25,12,1,FeedEvent_25_2017-03-01_14-13-30.961.avi,0.091086,19378,0.000135,TRUE,5375.677,Started
01/03/2017 14:15:19.990,2901656,28,14,0,FeedEvent_28_2017-03-01_14-15-19.990.avi,0.160383,28785,0.000161,TRUE,5484.705,Started
01/03/2017 14:15:48.809,2902523,28,14,0,FeedEvent_28_2017-03-01_14-15-48.809.avi,0.001329,2593,0.000161,TRUE,5513.524,Started
01/03/2017 14:16:30.625,2903781,59,29,1,FeedEvent_59_2017-03-01_14-16-30.625.avi,0.001304,10803,0.000175,TRUE,5555.340,Started
01/03/2017 14:16:41.462,2904107,59,29,1,FeedEvent_59_2017-03-01_14-16-41.462.avi,0.001136,4586,0.000175,TRUE,5566.178,Started
01/03/2017 14:16:46.083,2904246,59,29,1,FeedEvent_59_2017-03-01_14-16-46.083.avi,0.001375,6781,0.000175,TRUE,5570.798,Started
01/03/2017 14:16:52.896,2904451,59,29,1,FeedEvent_59_2017-03-01_14-16-52.896.avi,0.001050,4221,0.000175,TRUE,5577.612,Started
01/03/2017 14:16:57.152,2904579,59,29,1,FeedEvent_59_2017-03-01_14-16-57.152.avi,0.001018,7478,0.000175,TRUE,5581.867,Started
01/03/2017 14:17:04.663,2904805,59,29,1,FeedEvent_59_2017-03-01_14-17-04.663.avi,0.001035,2493,0.000175,TRUE,5589.379,Started
01/03/2017 14:17:07.190,2904881,59,29,1,FeedEvent_59_2017-03-01_14-17-07.190.avi,0.002112,8443,0.000175,TRUE,5591.905,Started
01/03/2017 14:17:15.667,2905136,59,29,1,FeedEvent_59_2017-03-01_14-17-15.667.avi,0.001174,7810,0.000175,TRUE,5600.382,Started
01/03/2017 14:17:23.511,2905372,59,29,1,FeedEvent_59_2017-03-01_14-17-23.511.avi,0.001623,7745,0.000175,TRUE,5608.227,Started
01/03/2017 14:18:45.415,2907836,25,12,1,FeedEvent_25_2017-03-01_14-18-45.415.avi,0.033541,14891,0.000121,TRUE,5690.131,Started
01/03/2017 14:21:35.706,2912959,59,29,1,FeedEvent_59_2017-03-01_14-21-35.706.avi,0.001132,9539,0.000175,TRUE,5860.421,Started
01/03/2017 14:21:45.278,2913247,59,29,1,FeedEvent_59_2017-03-01_14-21-45.278.avi,0.001258,7812,0.000175,TRUE,5869.994,Started
01/03/2017 14:21:53.123,2913483,59,29,1,FeedEvent_59_2017-03-01_14-21-53.123.avi,0.001366,8210,0.000175,TRUE,5877.839,Started
01/03/2017 14:22:12.901,2914078,59,29,1,FeedEvent_59_2017-03-01_14-22-12.901.avi,0.001853,2560,0.000175,TRUE,5897.617,Started
01/03/2017 14:22:15.494,2914156,59,29,1,FeedEvent_59_2017-03-01_14-22-15.494.avi,0.001256,6448,0.000175,TRUE,5900.210,Started
01/03/2017 14:22:21.976,2914351,59,29,1,FeedEvent_59_2017-03-01_14-22-21.976.avi,0.001296,9075,0.000175,TRUE,5906.692,Started
01/03/2017 14:22:42.785,2914977,59,29,1,FeedEvent_59_2017-03-01_14-22-42.785.avi,0.001068,11699,0.000175,TRUE,5927.501,Started
01/03/2017 14:22:27.328,2914512,27,13,1,FeedEvent_27_2017-03-01_14-22-27.328.avi,0.194455,40286,0.000268,TRUE,5912.043,Started
01/03/2017 14:23:07.649,2915725,27,13,1,FeedEvent_27_2017-03-01_14-23-07.649.avi,0.021872,14060,0.000268,TRUE,5952.364,Started
01/03/2017 14:23:21.742,2916149,27,13,1,FeedEvent_27_2017-03-01_14-23-21.742.avi,0.006871,4953,0.000268,TRUE,5966.458,Started
01/03/2017 14:23:26.729,2916299,27,13,1,FeedEvent_27_2017-03-01_14-23-26.729.avi,0.001171,3689,0.000268,TRUE,5971.444,Started
01/03/2017 14:23:53.786,2917113,27,13,1,FeedEvent_27_2017-03-01_14-23-53.786.avi,0.006480,7312,0.000268,TRUE,5998.502,Started
01/03/2017 14:24:14.096,2917724,27,13,1,FeedEvent_27_2017-03-01_14-24-14.096.avi,0.001623,14725,0.000268,TRUE,6018.812,Started
01/03/2017 14:27:46.735,2924121,34,17,0,FeedEvent_34_2017-03-01_14-27-46.735.avi,0.042801,14626,0.000126,TRUE,6231.450,Started
01/03/2017 14:28:11.499,2924866,34,17,0,FeedEvent_34_2017-03-01_14-28-11.499.avi,0.009485,8875,0.000126,TRUE,6256.215,Started
01/03/2017 14:29:40.550,2927545,34,17,0,FeedEvent_34_2017-03-01_14-29-40.550.avi,0.002994,5683,0.000073,TRUE,6345.265,Started
01/03/2017 14:30:00.461,2928144,34,17,0,FeedEvent_34_2017-03-01_14-30-00.461.avi,0.001137,3257,0.000073,TRUE,6365.176,Started
01/03/2017 14:30:03.751,2928243,34,17,0,FeedEvent_34_2017-03-01_14-30-03.751.avi,0.001133,6482,0.000073,TRUE,6368.467,Started
01/03/2017 14:34:38.916,2936521,38,19,0,FeedEvent_38_2017-03-01_14-34-38.916.avi,0.050984,17683,0.000116,TRUE,6643.631,Started
01/03/2017 14:35:20.499,2937772,56,28,0,FeedEvent_56_2017-03-01_14-35-20.499.avi,0.034348,15822,0.000229,TRUE,6685.214,Started
01/03/2017 14:35:36.355,2938249,56,28,0,FeedEvent_56_2017-03-01_14-35-36.355.avi,0.003356,6881,0.000229,TRUE,6701.070,Started
01/03/2017 14:36:25.784,2939736,39,19,1,FeedEvent_39_2017-03-01_14-36-25.784.avi,0.013233,8409,0.000113,TRUE,6750.499,Started
01/03/2017 14:36:34.226,2939990,39,19,1,FeedEvent_39_2017-03-01_14-36-34.226.avi,0.001506,1230,0.000113,TRUE,6758.942,Started
01/03/2017 14:36:35.489,2940028,39,19,1,FeedEvent_39_2017-03-01_14-36-35.489.avi,0.001256,5253,0.000113,TRUE,6760.205,Started
01/03/2017 14:36:57.894,2940702,43,21,1,FeedEvent_43_2017-03-01_14-36-57.894.avi,0.184946,71896,0.000112,TRUE,6782.609,Started
01/03/2017 14:38:09.826,2942866,43,21,1,FeedEvent_43_2017-03-01_14-38-09.826.avi,0.001009,10702,0.000112,TRUE,6854.541,Started
01/03/2017 14:38:20.563,2943189,43,21,1,FeedEvent_43_2017-03-01_14-38-20.563.avi,0.024626,10636,0.000112,TRUE,6865.278,Started
01/03/2017 14:38:31.233,2943510,43,21,1,FeedEvent_43_2017-03-01_14-38-31.233.avi,0.005255,5550,0.000112,TRUE,6875.949,Started
01/03/2017 14:38:36.817,2943678,43,21,1,FeedEvent_43_2017-03-01_14-38-36.817.avi,0.003213,7014,0.000112,TRUE,6881.532,Started
01/03/2017 14:38:43.864,2943890,43,21,1,FeedEvent_43_2017-03-01_14-38-43.864.avi,0.001075,8575,0.000112,TRUE,6888.580,Started
01/03/2017 14:39:07.033,2944587,39,19,1,FeedEvent_39_2017-03-01_14-39-07.033.avi,0.004519,10238,0.000161,TRUE,6911.748,Started
01/03/2017 14:39:38.711,2945540,18,9,0,FeedEvent_18_2017-03-01_14-39-38.711.avi,0.174218,45304,0.000094,TRUE,6943.426,Started
01/03/2017 14:40:24.050,2946904,18,9,0,FeedEvent_18_2017-03-01_14-40-24.050.avi,0.005630,5153,0.000094,TRUE,6988.766,Started
01/03/2017 14:40:29.236,2947060,18,9,0,FeedEvent_18_2017-03-01_14-40-29.236.avi,0.008760,5551,0.000094,TRUE,6993.951,Started
01/03/2017 14:40:34.820,2947228,18,9,0,FeedEvent_18_2017-03-01_14-40-34.820.avi,0.007229,6249,0.000094,TRUE,6999.536,Started
01/03/2017 14:40:41.103,2947417,18,9,0,FeedEvent_18_2017-03-01_14-40-41.103.avi,0.011095,5651,0.000094,TRUE,7005.819,Started
01/03/2017 14:40:46.787,2947588,18,9,0,FeedEvent_18_2017-03-01_14-40-46.787.avi,0.001441,2194,0.000094,TRUE,7011.502,Started
01/03/2017 14:40:37.580,2947311,43,21,1,FeedEvent_43_2017-03-01_14-40-37.580.avi,0.016856,13927,0.000112,TRUE,7002.295,Started
01/03/2017 14:40:51.540,2947731,43,21,1,FeedEvent_43_2017-03-01_14-40-51.540.avi,0.007243,5252,0.000112,TRUE,7016.256,Started
01/03/2017 14:40:49.014,2947655,18,9,0,FeedEvent_18_2017-03-01_14-40-49.014.avi,0.001092,10171,0.000094,TRUE,7013.729,Started
01/03/2017 14:40:56.826,2947890,43,21,1,FeedEvent_43_2017-03-01_14-40-56.826.avi,0.001075,4088,0.000112,TRUE,7021.541,Started
01/03/2017 14:40:59.219,2947962,18,9,0,FeedEvent_18_2017-03-01_14-40-59.219.avi,0.009629,9706,0.000094,TRUE,7023.934,Started
01/03/2017 14:41:00.947,2948014,43,21,1,FeedEvent_43_2017-03-01_14-41-00.947.avi,0.008373,12565,0.000112,TRUE,7025.662,Started
01/03/2017 14:41:13.545,2948393,43,21,1,FeedEvent_43_2017-03-01_14-41-13.545.avi,0.001022,4354,0.000112,TRUE,7038.261,Started
01/03/2017 14:41:08.959,2948255,18,9,0,FeedEvent_18_2017-03-01_14-41-08.959.avi,0.004624,9240,0.000094,TRUE,7033.674,Started
01/03/2017 14:41:18.233,2948534,18,9,0,FeedEvent_18_2017-03-01_14-41-18.233.avi,0.001407,4521,0.000094,TRUE,7042.948,Started
01/03/2017 14:41:22.786,2948671,18,9,0,FeedEvent_18_2017-03-01_14-41-22.786.avi,0.001493,3756,0.000094,TRUE,7047.502,Started
01/03/2017 14:41:26.576,2948785,18,9,0,FeedEvent_18_2017-03-01_14-41-26.576.avi,0.001168,4387,0.000094,TRUE,7051.291,Started
01/03/2017 14:41:30.997,2948918,18,9,0,FeedEvent_18_2017-03-01_14-41-30.997.avi,0.002293,10537,0.000094,TRUE,7055.713,Started
01/03/2017 14:44:51.669,2954955,30,15,0,FeedEvent_30_2017-03-01_14-44-51.669.avi,0.001219,3988,0.000229,TRUE,7256.385,Started
01/03/2017 14:44:55.691,2955076,30,15,0,FeedEvent_30_2017-03-01_14-44-55.691.avi,0.171538,34004,0.000229,TRUE,7260.406,Started
01/03/2017 14:45:29.729,2956100,30,15,0,FeedEvent_30_2017-03-01_14-45-29.729.avi,0.020658,10270,0.000229,TRUE,7294.444,Started
01/03/2017 14:45:40.034,2956410,30,15,0,FeedEvent_30_2017-03-01_14-45-40.034.avi,0.022316,18647,0.000229,TRUE,7304.749,Started
01/03/2017 15:00:18.611,2982841,26,13,0,FeedEvent_26_2017-03-01_15-00-18.611.avi,0.004469,7611,0.000094,TRUE,8183.326,Started
01/03/2017 15:01:38.952,2985258,39,19,1,FeedEvent_39_2017-03-01_15-01-38.952.avi,0.010247,7546,0.000111,TRUE,8263.667,Started
01/03/2017 15:01:46.532,2985486,39,19,1,FeedEvent_39_2017-03-01_15-01-46.532.avi,0.001194,1927,0.000111,TRUE,8271.247,Started
01/03/2017 15:01:48.492,2985545,39,19,1,FeedEvent_39_2017-03-01_15-01-48.492.avi,0.021516,18747,0.000111,TRUE,8273.207,Started
01/03/2017 15:02:30.807,2986818,43,21,1,FeedEvent_43_2017-03-01_15-02-30.807.avi,0.001552,11468,0.000219,TRUE,8315.522,Started
01/03/2017 15:02:28.880,2986760,24,12,0,FeedEvent_24_2017-03-01_15-02-28.880.avi,0.022657,13561,0.000246,TRUE,8313.595,Started
01/03/2017 15:02:52.879,2987482,24,12,0,FeedEvent_24_2017-03-01_15-02-52.879.avi,0.025229,14691,0.000246,TRUE,8337.595,Started
01/03/2017 15:03:08.203,2987943,59,29,1,FeedEvent_59_2017-03-01_15-03-08.203.avi,0.001443,3125,0.000172,TRUE,8352.918,Started
01/03/2017 15:03:01.122,2987730,38,19,0,FeedEvent_38_2017-03-01_15-03-01.122.avi,0.005143,11900,0.000177,TRUE,8345.838,Started
01/03/2017 15:03:07.605,2987925,24,12,0,FeedEvent_24_2017-03-01_15-03-07.605.avi,0.003661,8476,0.000246,TRUE,8352.320,Started
01/03/2017 15:03:16.114,2988181,24,12,0,FeedEvent_24_2017-03-01_15-03-16.114.avi,0.002074,12132,0.000246,TRUE,8360.829,Started
01/03/2017 15:03:28.280,2988547,24,12,0,FeedEvent_24_2017-03-01_15-03-28.280.avi,0.010941,10171,0.000246,TRUE,8372.995,Started
01/03/2017 15:03:50.219,2989207,24,12,0,FeedEvent_24_2017-03-01_15-03-50.219.avi,0.001086,6215,0.000246,TRUE,8394.934,Started
01/03/2017 15:03:56.468,2989395,24,12,0,FeedEvent_24_2017-03-01_15-03-56.468.avi,0.001217,2493,0.000246,TRUE,8401.183,Started
01/03/2017 15:03:58.994,2989471,24,12,0,FeedEvent_24_2017-03-01_15-03-58.994.avi,0.012245,4322,0.000246,TRUE,8403.709,Started
01/03/2017 15:04:03.348,2989602,24,12,0,FeedEvent_24_2017-03-01_15-04-03.348.avi,0.001317,2294,0.000246,TRUE,8408.064,Started
01/03/2017 15:04:05.675,2989672,24,12,0,FeedEvent_24_2017-03-01_15-04-05.675.avi,0.013855,9871,0.000246,TRUE,8410.391,Started
01/03/2017 15:06:40.376,2994326,39,19,1,FeedEvent_39_2017-03-01_15-06-40.376.avi,0.001001,10039,0.000075,TRUE,8565.091,Started
01/03/2017 15:07:03.146,2995011,39,19,1,FeedEvent_39_2017-03-01_15-07-03.146.avi,0.001015,12264,0.000075,TRUE,8587.862,Started
01/03/2017 15:07:15.444,2995381,39,19,1,FeedEvent_39_2017-03-01_15-07-15.444.avi,0.001123,7214,0.000075,TRUE,8600.160,Started
01/03/2017 15:07:22.691,2995599,39,19,1,FeedEvent_39_2017-03-01_15-07-22.691.avi,0.001075,8276,0.000075,TRUE,8607.407,Started
01/03/2017 15:07:31.001,2995849,39,19,1,FeedEvent_39_2017-03-01_15-07-31.001.avi,0.001238,11102,0.000075,TRUE,8615.716,Started
01/03/2017 15:07:42.137,2996184,39,19,1,FeedEvent_39_2017-03-01_15-07-42.137.avi,0.001314,8443,0.000075,TRUE,8626.853,Started
01/03/2017 15:07:50.613,2996439,39,19,1,FeedEvent_39_2017-03-01_15-07-50.613.avi,0.001268,6548,0.000075,TRUE,8635.328,Started
01/03/2017 15:07:57.195,2996637,39,19,1,FeedEvent_39_2017-03-01_15-07-57.195.avi,0.001007,6116,0.000075,TRUE,8641.910,Started
01/03/2017 15:08:03.344,2996822,39,19,1,FeedEvent_39_2017-03-01_15-08-03.344.avi,0.001194,5751,0.000075,TRUE,8648.060,Started
01/03/2017 15:08:09.128,2996996,39,19,1,FeedEvent_39_2017-03-01_15-08-09.128.avi,0.001098,2858,0.000075,TRUE,8653.843,Started
01/03/2017 15:08:12.086,2997085,39,19,1,FeedEvent_39_2017-03-01_15-08-12.086.avi,0.001095,7312,0.000075,TRUE,8656.802,Started
01/03/2017 15:08:19.433,2997306,39,19,1,FeedEvent_39_2017-03-01_15-08-19.433.avi,0.001292,4852,0.000075,TRUE,8664.148,Started
01/03/2017 15:08:24.318,2997453,39,19,1,FeedEvent_39_2017-03-01_15-08-24.318.avi,0.001163,7845,0.000075,TRUE,8669.034,Started
01/03/2017 15:08:32.230,2997691,39,19,1,FeedEvent_39_2017-03-01_15-08-32.230.avi,0.001108,7113,0.000075,TRUE,8676.946,Started
01/03/2017 15:08:39.377,2997906,39,19,1,FeedEvent_39_2017-03-01_15-08-39.377.avi,0.001032,3390,0.000075,TRUE,8684.092,Started
01/03/2017 15:08:42.800,2998009,39,19,1,FeedEvent_39_2017-03-01_15-08-42.800.avi,0.001368,3092,0.000075,TRUE,8687.516,Started
01/03/2017 15:08:45.925,2998103,39,19,1,FeedEvent_39_2017-03-01_15-08-45.925.avi,0.001463,8011,0.000075,TRUE,8690.640,Started
01/03/2017 15:08:53.969,2998345,39,19,1,FeedEvent_39_2017-03-01_15-08-53.969.avi,0.001058,9307,0.000075,TRUE,8698.685,Started
01/03/2017 15:09:03.343,2998627,39,19,1,FeedEvent_39_2017-03-01_15-09-03.343.avi,0.001063,5783,0.000075,TRUE,8708.059,Started
01/03/2017 15:09:19.664,2999118,39,19,1,FeedEvent_39_2017-03-01_15-09-19.664.avi,0.001045,12132,0.000075,TRUE,8724.379,Started
01/03/2017 15:12:18.132,3004487,30,15,0,FeedEvent_30_2017-03-01_15-12-18.132.avi,0.038714,20209,0.000210,TRUE,8902.847,Started
01/03/2017 15:12:38.375,3005096,30,15,0,FeedEvent_30_2017-03-01_15-12-38.375.avi,0.004223,2825,0.000210,TRUE,8923.090,Started
01/03/2017 15:12:41.234,3005182,30,15,0,FeedEvent_30_2017-03-01_15-12-41.234.avi,0.011736,6182,0.000210,TRUE,8925.950,Started
01/03/2017 15:12:47.450,3005369,30,15,0,FeedEvent_30_2017-03-01_15-12-47.450.avi,0.005120,5286,0.000210,TRUE,8932.165,Started
01/03/2017 15:15:21.486,3010003,53,26,1,FeedEvent_53_2017-03-01_15-15-21.486.avi,0.270006,59298,0.000058,TRUE,9086.202,Started
01/03/2017 15:16:20.820,3011788,53,26,1,FeedEvent_53_2017-03-01_15-16-20.820.avi,0.001058,2193,0.000058,TRUE,9145.535,Started
01/03/2017 15:16:23.047,3011855,53,26,1,FeedEvent_53_2017-03-01_15-16-23.047.avi,0.028407,15988,0.000058,TRUE,9147.763,Started
01/03/2017 15:16:39.069,3012337,53,26,1,FeedEvent_53_2017-03-01_15-16-39.069.avi,0.001193,4287,0.000058,TRUE,9163.784,Started
01/03/2017 15:16:54.226,3012793,53,26,1,FeedEvent_53_2017-03-01_15-16-54.226.avi,0.006033,15555,0.000058,TRUE,9178.942,Started
01/03/2017 15:17:09.816,3013262,53,26,1,FeedEvent_53_2017-03-01_15-17-09.816.avi,0.001756,4820,0.000058,TRUE,9194.531,Started
01/03/2017 15:17:14.669,3013408,53,26,1,FeedEvent_53_2017-03-01_15-17-14.669.avi,0.002189,6547,0.000058,TRUE,9199.385,Started
01/03/2017 15:17:21.251,3013606,53,26,1,FeedEvent_53_2017-03-01_15-17-21.251.avi,0.001006,5849,0.000058,TRUE,9205.967,Started
01/03/2017 15:20:50.034,3019887,46,23,0,FeedEvent_46_2017-03-01_15-20-50.034.avi,0.038538,15323,0.000087,TRUE,9414.749,Started
01/03/2017 15:21:05.390,3020349,46,23,0,FeedEvent_46_2017-03-01_15-21-05.390.avi,0.001317,4022,0.000087,TRUE,9430.106,Started
01/03/2017 15:21:34.110,3021213,46,23,0,FeedEvent_46_2017-03-01_15-21-34.110.avi,0.011740,8276,0.000087,TRUE,9458.826,Started
01/03/2017 15:21:42.420,3021463,46,23,0,FeedEvent_46_2017-03-01_15-21-42.420.avi,0.008346,5484,0.000087,TRUE,9467.136,Started
01/03/2017 15:21:24.437,3020922,23,11,1,FeedEvent_23_2017-03-01_15-21-24.437.avi,0.112392,26525,0.000101,TRUE,9449.153,Started
01/03/2017 15:21:50.996,3021721,23,11,1,FeedEvent_23_2017-03-01_15-21-50.996.avi,0.026846,8908,0.000101,TRUE,9475.711,Started
01/03/2017 15:22:36.270,3023083,23,11,1,FeedEvent_23_2017-03-01_15-22-36.270.avi,0.006433,8277,0.000123,TRUE,9520.985,Started
01/03/2017 15:26:26.526,3030010,29,14,1,FeedEvent_29_2017-03-01_15-26-26.526.avi,0.001474,10604,0.000197,TRUE,9751.241,Started
01/03/2017 15:26:37.861,3030351,29,14,1,FeedEvent_29_2017-03-01_15-26-37.861.avi,0.001650,13362,0.000197,TRUE,9762.576,Started
01/03/2017 15:27:10.702,3031339,29,14,1,FeedEvent_29_2017-03-01_15-27-10.702.avi,0.234024,48928,0.000197,TRUE,9795.417,Started
01/03/2017 15:28:08.774,3033086,27,13,1,FeedEvent_27_2017-03-01_15-28-08.774.avi,0.008982,10238,0.000170,TRUE,9853.489,Started
01/03/2017 15:28:42.712,3034107,27,13,1,FeedEvent_27_2017-03-01_15-28-42.712.avi,0.008709,8808,0.000170,TRUE,9887.428,Started
01/03/2017 15:30:12.727,3036815,26,13,0,FeedEvent_26_2017-03-01_15-30-12.727.avi,0.029748,16420,0.000121,TRUE,9977.443,Started
01/03/2017 15:33:00.258,3041855,48,24,0,FeedEvent_48_2017-03-01_15-33-00.258.avi,0.053030,26092,0.000178,TRUE,10144.973,Started
01/03/2017 15:33:26.386,3042641,48,24,0,FeedEvent_48_2017-03-01_15-33-26.386.avi,0.019672,9573,0.000178,TRUE,10171.101,Started
01/03/2017 15:33:31.903,3042807,43,21,1,FeedEvent_43_2017-03-01_15-33-31.903.avi,0.012676,8343,0.000300,TRUE,10176.619,Started
01/03/2017 15:33:35.992,3042930,48,24,0,FeedEvent_48_2017-03-01_15-33-35.992.avi,0.001626,4620,0.000178,TRUE,10180.707,Started
01/03/2017 15:33:40.645,3043070,48,24,0,FeedEvent_48_2017-03-01_15-33-40.645.avi,0.001901,5219,0.000178,TRUE,10185.360,Started
01/03/2017 15:35:20.699,3046080,59,29,1,FeedEvent_59_2017-03-01_15-35-20.699.avi,0.001128,11999,0.000120,TRUE,10285.414,Started
01/03/2017 15:35:43.003,3046751,59,29,1,FeedEvent_59_2017-03-01_15-35-43.003.avi,0.001293,9972,0.000120,TRUE,10307.719,Started
01/03/2017 15:35:53.008,3047052,59,29,1,FeedEvent_59_2017-03-01_15-35-53.008.avi,0.001063,8841,0.000120,TRUE,10317.724,Started
01/03/2017 15:36:01.884,3047319,59,29,1,FeedEvent_59_2017-03-01_15-36-01.884.avi,0.001051,4320,0.000120,TRUE,10326.600,Started
01/03/2017 15:36:06.239,3047450,59,29,1,FeedEvent_59_2017-03-01_15-36-06.239.avi,0.001030,8376,0.000120,TRUE,10330.954,Started
01/03/2017 15:36:14.648,3047703,59,29,1,FeedEvent_59_2017-03-01_15-36-14.648.avi,0.001063,8774,0.000120,TRUE,10339.364,Started
01/03/2017 15:36:23.456,3047968,59,29,1,FeedEvent_59_2017-03-01_15-36-23.456.avi,0.001438,5918,0.000120,TRUE,10348.172,Started
01/03/2017 15:36:40.177,3048471,59,29,1,FeedEvent_59_2017-03-01_15-36-40.177.avi,0.001048,11634,0.000120,TRUE,10364.892,Started
01/03/2017 15:38:56.529,3052573,55,27,1,FeedEvent_55_2017-03-01_15-38-56.529.avi,0.004639,4753,0.000065,TRUE,10501.244,Started
01/03/2017 15:39:20.296,3053288,57,28,1,FeedEvent_57_2017-03-01_15-39-20.296.avi,0.002450,5351,0.000125,TRUE,10525.011,Started
01/03/2017 15:39:27.476,3053504,30,15,0,FeedEvent_30_2017-03-01_15-39-27.476.avi,0.096934,25361,0.000084,TRUE,10532.191,Started
01/03/2017 15:39:52.871,3054268,30,15,0,FeedEvent_30_2017-03-01_15-39-52.871.avi,0.008506,4688,0.000084,TRUE,10557.587,Started
01/03/2017 15:39:57.592,3054410,30,15,0,FeedEvent_30_2017-03-01_15-39-57.592.avi,0.005708,7677,0.000084,TRUE,10562.307,Started
01/03/2017 15:41:44.027,3057612,59,29,1,FeedEvent_59_2017-03-01_15-41-44.027.avi,0.001051,10768,0.000120,TRUE,10668.743,Started
01/03/2017 15:41:54.830,3057937,59,29,1,FeedEvent_59_2017-03-01_15-41-54.830.avi,0.001042,11767,0.000120,TRUE,10679.546,Started
01/03/2017 15:42:19.395,3058676,59,29,1,FeedEvent_59_2017-03-01_15-42-19.395.avi,0.001172,5584,0.000120,TRUE,10704.110,Started
01/03/2017 15:42:25.012,3058845,59,29,1,FeedEvent_59_2017-03-01_15-42-25.012.avi,0.001104,5152,0.000120,TRUE,10709.728,Started
01/03/2017 15:42:30.198,3059001,59,29,1,FeedEvent_59_2017-03-01_15-42-30.198.avi,0.001314,5252,0.000120,TRUE,10714.913,Started
01/03/2017 15:42:35.483,3059160,59,29,1,FeedEvent_59_2017-03-01_15-42-35.483.avi,0.001053,10436,0.000120,TRUE,10720.199,Started
01/03/2017 15:42:45.953,3059475,59,29,1,FeedEvent_59_2017-03-01_15-42-45.953.avi,0.001203,2028,0.000120,TRUE,10730.669,Started
01/03/2017 15:42:48.015,3059537,59,29,1,FeedEvent_59_2017-03-01_15-42-48.015.avi,0.001186,8044,0.000120,TRUE,10732.730,Started
01/03/2017 15:42:56.093,3059780,59,29,1,FeedEvent_59_2017-03-01_15-42-56.093.avi,0.001154,4586,0.000120,TRUE,10740.808,Started
01/03/2017 15:43:11.416,3060241,59,29,1,FeedEvent_59_2017-03-01_15-43-11.416.avi,0.001086,4587,0.000120,TRUE,10756.132,Started
01/03/2017 15:43:16.037,3060380,59,29,1,FeedEvent_59_2017-03-01_15-43-16.037.avi,0.001269,9208,0.000120,TRUE,10760.752,Started
01/03/2017 15:49:04.657,3070884,59,29,1,FeedEvent_59_2017-03-01_15-49-04.657.avi,0.001122,7977,0.000120,TRUE,11109.373,Started
01/03/2017 15:49:03.233,3070841,30,15,0,FeedEvent_30_2017-03-01_15-49-03.233.avi,0.010080,12132,0.000245,TRUE,11107.949,Started
01/03/2017 15:49:12.640,3071125,59,29,1,FeedEvent_59_2017-03-01_15-49-12.640.avi,0.001414,8609,0.000120,TRUE,11117.356,Started
01/03/2017 15:49:15.356,3071207,30,15,0,FeedEvent_30_2017-03-01_15-49-15.356.avi,0.005337,7080,0.000245,TRUE,11120.071,Started
01/03/2017 15:49:34.370,3071781,59,29,1,FeedEvent_59_2017-03-01_15-49-34.370.avi,0.001020,7478,0.000120,TRUE,11139.085,Started
01/03/2017 15:49:41.855,3072007,59,29,1,FeedEvent_59_2017-03-01_15-49-41.855.avi,0.001500,9806,0.000120,TRUE,11146.571,Started
01/03/2017 15:49:51.660,3072303,59,29,1,FeedEvent_59_2017-03-01_15-49-51.660.avi,0.001188,4919,0.000120,TRUE,11156.376,Started
01/03/2017 15:49:56.596,3072452,59,29,1,FeedEvent_59_2017-03-01_15-49-56.596.avi,0.001182,5151,0.000120,TRUE,11161.312,Started
01/03/2017 15:50:01.764,3072608,59,29,1,FeedEvent_59_2017-03-01_15-50-01.764.avi,0.001401,8975,0.000120,TRUE,11166.479,Started
01/03/2017 15:50:10.740,3072879,59,29,1,FeedEvent_59_2017-03-01_15-50-10.740.avi,0.001123,7046,0.000120,TRUE,11175.455,Started
01/03/2017 15:50:17.795,3073092,59,29,1,FeedEvent_59_2017-03-01_15-50-17.795.avi,0.001037,6981,0.000120,TRUE,11182.510,Started
01/03/2017 15:50:24.784,3073303,59,29,1,FeedEvent_59_2017-03-01_15-50-24.784.avi,0.001113,9772,0.000120,TRUE,11189.499,Started
01/03/2017 15:52:41.875,3077437,38,19,0,FeedEvent_38_2017-03-01_15-52-41.875.avi,0.021649,10172,0.000075,TRUE,11326.590,Started
01/03/2017 15:52:52.067,3077744,38,19,0,FeedEvent_38_2017-03-01_15-52-52.067.avi,0.004609,3490,0.000075,TRUE,11336.782,Started
01/03/2017 15:52:55.586,3077850,38,19,0,FeedEvent_38_2017-03-01_15-52-55.586.avi,0.016292,6715,0.000075,TRUE,11340.301,Started
01/03/2017 15:53:02.324,3078053,38,19,0,FeedEvent_38_2017-03-01_15-53-02.324.avi,0.002257,4720,0.000075,TRUE,11347.040,Started
01/03/2017 15:53:07.072,3078196,38,19,0,FeedEvent_38_2017-03-01_15-53-07.072.avi,0.003737,4521,0.000075,TRUE,11351.787,Started
01/03/2017 15:53:11.620,3078333,38,19,0,FeedEvent_38_2017-03-01_15-53-11.620.avi,0.001104,11401,0.000075,TRUE,11356.336,Started
01/03/2017 15:55:40.875,3082829,59,29,1,FeedEvent_59_2017-03-01_15-55-40.875.avi,0.001402,10270,0.000120,TRUE,11505.590,Started
01/03/2017 15:55:45.555,3082970,39,19,1,FeedEvent_39_2017-03-01_15-55-45.555.avi,0.001000,9407,0.000141,TRUE,11510.271,Started
01/03/2017 15:55:54.983,3083254,39,19,1,FeedEvent_39_2017-03-01_15-55-54.983.avi,0.012126,8708,0.000141,TRUE,11519.698,Started
01/03/2017 15:56:03.714,3083517,39,19,1,FeedEvent_39_2017-03-01_15-56-03.714.avi,0.002094,3323,0.000141,TRUE,11528.430,Started
01/03/2017 15:56:02.619,3083484,59,29,1,FeedEvent_59_2017-03-01_15-56-02.619.avi,0.001195,7079,0.000120,TRUE,11527.334,Started
01/03/2017 15:56:09.723,3083698,59,29,1,FeedEvent_59_2017-03-01_15-56-09.723.avi,0.001005,7845,0.000120,TRUE,11534.439,Started
01/03/2017 15:56:17.591,3083935,59,29,1,FeedEvent_59_2017-03-01_15-56-17.591.avi,0.001395,8508,0.000120,TRUE,11542.306,Started
01/03/2017 15:56:26.123,3084192,59,29,1,FeedEvent_59_2017-03-01_15-56-26.123.avi,0.001051,6914,0.000120,TRUE,11550.838,Started
01/03/2017 15:56:33.062,3084401,59,29,1,FeedEvent_59_2017-03-01_15-56-33.062.avi,0.001179,7678,0.000120,TRUE,11557.778,Started
01/03/2017 15:56:32.763,3084392,39,19,1,FeedEvent_39_2017-03-01_15-56-32.763.avi,0.003690,11002,0.000141,TRUE,11557.479,Started
01/03/2017 15:56:40.770,3084633,59,29,1,FeedEvent_59_2017-03-01_15-56-40.770.avi,0.001171,4288,0.000120,TRUE,11565.486,Started
01/03/2017 15:56:45.089,3084763,59,29,1,FeedEvent_59_2017-03-01_15-56-45.089.avi,0.001209,8909,0.000120,TRUE,11569.805,Started
01/03/2017 15:56:54.027,3085032,59,29,1,FeedEvent_59_2017-03-01_15-56-54.027.avi,0.001201,7910,0.000120,TRUE,11578.742,Started
01/03/2017 15:57:00.006,3085212,38,19,0,FeedEvent_38_2017-03-01_15-57-00.006.avi,0.011502,12798,0.000294,TRUE,11584.722,Started
01/03/2017 15:57:12.565,3085590,59,29,1,FeedEvent_59_2017-03-01_15-57-12.565.avi,0.001308,6747,0.000120,TRUE,11597.281,Started
01/03/2017 15:57:30.938,3086143,39,19,1,FeedEvent_39_2017-03-01_15-57-30.938.avi,0.008035,14625,0.000095,TRUE,11615.654,Started
01/03/2017 15:57:48.813,3086681,38,19,0,FeedEvent_38_2017-03-01_15-57-48.813.avi,0.001528,6082,0.000294,TRUE,11633.528,Started
01/03/2017 15:57:54.925,3086865,38,19,0,FeedEvent_38_2017-03-01_15-57-54.925.avi,0.001905,5419,0.000294,TRUE,11639.641,Started
01/03/2017 15:58:52.602,3088601,31,15,1,FeedEvent_31_2017-03-01_15-58-52.602.avi,0.086031,26391,0.000185,TRUE,11697.318,Started
01/03/2017 15:59:19.015,3089396,31,15,1,FeedEvent_31_2017-03-01_15-59-19.015.avi,0.020493,8178,0.000185,TRUE,11723.730,Started
01/03/2017 15:59:37.487,3089952,39,19,1,FeedEvent_39_2017-03-01_15-59-37.487.avi,0.001445,10637,0.000065,TRUE,11742.203,Started
01/03/2017 15:59:53.933,3090447,57,28,1,FeedEvent_57_2017-03-01_15-59-53.933.avi,0.001180,3092,0.000092,TRUE,11758.648,Started
01/03/2017 15:59:57.421,3090552,38,19,0,FeedEvent_38_2017-03-01_15-59-57.421.avi,0.007418,7912,0.000113,TRUE,11762.137,Started
01/03/2017 15:59:57.057,3090541,57,28,1,FeedEvent_57_2017-03-01_15-59-57.057.avi,0.001145,8676,0.000092,TRUE,11761.772,Started
01/03/2017 16:00:05.761,3090803,57,28,1,FeedEvent_57_2017-03-01_16-00-05.761.avi,0.001032,7545,0.000092,TRUE,11770.477,Started
01/03/2017 16:00:13.336,3091031,57,28,1,FeedEvent_57_2017-03-01_16-00-13.336.avi,0.001351,6781,0.000092,TRUE,11778.052,Started
01/03/2017 16:00:11.808,3090985,39,19,1,FeedEvent_39_2017-03-01_16-00-11.808.avi,0.003613,13528,0.000065,TRUE,11776.523,Started
01/03/2017 16:00:20.147,3091236,57,28,1,FeedEvent_57_2017-03-01_16-00-20.147.avi,0.001096,7877,0.000092,TRUE,11784.863,Started
01/03/2017 16:00:28.054,3091474,57,28,1,FeedEvent_57_2017-03-01_16-00-28.054.avi,0.001226,9706,0.000092,TRUE,11792.770,Started
01/03/2017 16:00:59.684,3092426,57,28,1,FeedEvent_57_2017-03-01_16-00-59.684.avi,0.001315,11035,0.000092,TRUE,11824.399,Started
01/03/2017 16:01:00.547,3092452,24,12,0,FeedEvent_24_2017-03-01_16-01-00.547.avi,0.013680,10404,0.000130,TRUE,11825.263,Started
01/03/2017 16:01:12.143,3092801,38,19,0,FeedEvent_38_2017-03-01_16-01-12.143.avi,0.001564,2127,0.000185,TRUE,11836.858,Started
01/03/2017 16:01:14.302,3092866,38,19,0,FeedEvent_38_2017-03-01_16-01-14.302.avi,0.008038,9273,0.000185,TRUE,11839.017,Started
01/03/2017 16:01:23.604,3093146,38,19,0,FeedEvent_38_2017-03-01_16-01-23.604.avi,0.007471,7247,0.000185,TRUE,11848.319,Started
01/03/2017 16:01:35.135,3093493,39,19,1,FeedEvent_39_2017-03-01_16-01-35.135.avi,0.001178,5982,0.000066,TRUE,11859.850,Started
01/03/2017 16:01:42.479,3093714,39,19,1,FeedEvent_39_2017-03-01_16-01-42.479.avi,0.001117,6349,0.000066,TRUE,11867.194,Started
01/03/2017 16:01:52.449,3094014,34,17,0,FeedEvent_34_2017-03-01_16-01-52.449.avi,0.022795,9374,0.000081,TRUE,11877.164,Started
01/03/2017 16:02:15.414,3094705,24,12,0,FeedEvent_24_2017-03-01_16-02-15.414.avi,0.040621,11002,0.000098,TRUE,11900.129,Started
01/03/2017 16:02:26.448,3095037,24,12,0,FeedEvent_24_2017-03-01_16-02-26.448.avi,0.001092,4620,0.000098,TRUE,11911.163,Started
01/03/2017 16:02:26.381,3095035,34,17,0,FeedEvent_34_2017-03-01_16-02-26.381.avi,0.001310,5085,0.000081,TRUE,11911.096,Started
01/03/2017 16:02:31.100,3095177,24,12,0,FeedEvent_24_2017-03-01_16-02-31.100.avi,0.005453,6582,0.000098,TRUE,11915.816,Started
01/03/2017 16:02:37.713,3095376,24,12,0,FeedEvent_24_2017-03-01_16-02-37.713.avi,0.001154,3324,0.000098,TRUE,11922.429,Started
01/03/2017 16:02:41.070,3095477,24,12,0,FeedEvent_24_2017-03-01_16-02-41.070.avi,0.006584,9738,0.000098,TRUE,11925.786,Started
01/03/2017 16:02:50.840,3095771,24,12,0,FeedEvent_24_2017-03-01_16-02-50.840.avi,0.001186,6017,0.000098,TRUE,11935.556,Started
01/03/2017 16:02:56.890,3095953,24,12,0,FeedEvent_24_2017-03-01_16-02-56.890.avi,0.020415,11134,0.000098,TRUE,11941.605,Started
01/03/2017 16:03:08.055,3096289,24,12,0,FeedEvent_24_2017-03-01_16-03-08.055.avi,0.001155,2493,0.000098,TRUE,11952.771,Started
01/03/2017 16:03:10.581,3096365,24,12,0,FeedEvent_24_2017-03-01_16-03-10.581.avi,0.001153,7513,0.000098,TRUE,11955.297,Started
01/03/2017 16:03:18.125,3096592,24,12,0,FeedEvent_24_2017-03-01_16-03-18.125.avi,0.001084,9838,0.000098,TRUE,11962.841,Started
01/03/2017 16:03:21.017,3096679,21,10,1,FeedEvent_21_2017-03-01_16-03-21.017.avi,0.001631,11800,0.000194,TRUE,11965.733,Started
01/03/2017 16:03:29.392,3096931,24,12,0,FeedEvent_24_2017-03-01_16-03-29.392.avi,0.011587,7810,0.000098,TRUE,11974.108,Started
01/03/2017 16:03:31.718,3097001,59,29,1,FeedEvent_59_2017-03-01_16-03-31.718.avi,0.001027,12830,0.000120,TRUE,11976.434,Started
01/03/2017 16:03:54.982,3097701,59,29,1,FeedEvent_59_2017-03-01_16-03-54.982.avi,0.001093,12332,0.000120,TRUE,11999.697,Started
01/03/2017 16:04:07.344,3098073,59,29,1,FeedEvent_59_2017-03-01_16-04-07.344.avi,0.001431,7512,0.000120,TRUE,12012.060,Started
01/03/2017 16:04:14.889,3098300,59,29,1,FeedEvent_59_2017-03-01_16-04-14.889.avi,0.001046,8975,0.000120,TRUE,12019.604,Started
01/03/2017 16:04:23.895,3098571,59,29,1,FeedEvent_59_2017-03-01_16-04-23.895.avi,0.001330,5152,0.000120,TRUE,12028.610,Started
01/03/2017 16:04:29.079,3098727,59,29,1,FeedEvent_59_2017-03-01_16-04-29.079.avi,0.001030,11269,0.000120,TRUE,12033.795,Started
01/03/2017 16:04:40.379,3099067,59,29,1,FeedEvent_59_2017-03-01_16-04-40.379.avi,0.001159,6082,0.000120,TRUE,12045.095,Started
01/03/2017 16:04:46.495,3099251,59,29,1,FeedEvent_59_2017-03-01_16-04-46.495.avi,0.001291,8475,0.000120,TRUE,12051.210,Started
01/03/2017 16:05:06.435,3099851,34,17,0,FeedEvent_34_2017-03-01_16-05-06.435.avi,0.002869,5417,0.000111,TRUE,12071.150,Started
01/03/2017 16:05:44.520,3100997,34,17,0,FeedEvent_34_2017-03-01_16-05-44.520.avi,0.001075,8145,0.000092,TRUE,12109.235,Started
01/03/2017 16:05:52.230,3101229,57,28,1,FeedEvent_57_2017-03-01_16-05-52.230.avi,0.001866,11899,0.000092,TRUE,12116.945,Started
01/03/2017 16:06:17.388,3101986,57,28,1,FeedEvent_57_2017-03-01_16-06-17.388.avi,0.001464,8210,0.000092,TRUE,12142.104,Started
01/03/2017 16:06:25.631,3102234,57,28,1,FeedEvent_57_2017-03-01_16-06-25.631.avi,0.001322,8276,0.000092,TRUE,12150.346,Started
01/03/2017 16:06:33.939,3102484,57,28,1,FeedEvent_57_2017-03-01_16-06-33.939.avi,0.001177,6415,0.000092,TRUE,12158.655,Started
01/03/2017 16:06:40.387,3102678,57,28,1,FeedEvent_57_2017-03-01_16-06-40.387.avi,0.001037,6150,0.000092,TRUE,12165.103,Started
01/03/2017 16:06:46.569,3102864,57,28,1,FeedEvent_57_2017-03-01_16-06-46.569.avi,0.001121,7910,0.000092,TRUE,12171.285,Started
01/03/2017 16:06:54.513,3103103,57,28,1,FeedEvent_57_2017-03-01_16-06-54.513.avi,0.001374,5850,0.000092,TRUE,12179.229,Started
01/03/2017 16:07:00.396,3103280,57,28,1,FeedEvent_57_2017-03-01_16-07-00.396.avi,0.001085,3589,0.000092,TRUE,12185.112,Started
01/03/2017 16:06:28.422,3102318,37,18,1,FeedEvent_37_2017-03-01_16-06-28.422.avi,0.197915,37094,0.000186,TRUE,12153.138,Started
01/03/2017 16:07:04.018,3103389,57,28,1,FeedEvent_57_2017-03-01_16-07-04.018.avi,0.001088,7213,0.000092,TRUE,12188.734,Started
01/03/2017 16:07:11.264,3103607,57,28,1,FeedEvent_57_2017-03-01_16-07-11.264.avi,0.001737,2460,0.000092,TRUE,12195.980,Started
01/03/2017 16:07:05.547,3103435,37,18,1,FeedEvent_37_2017-03-01_16-07-05.547.avi,0.001058,8808,0.000186,TRUE,12190.263,Started
01/03/2017 16:07:13.757,3103682,57,28,1,FeedEvent_57_2017-03-01_16-07-13.757.avi,0.001002,11202,0.000092,TRUE,12198.473,Started
01/03/2017 16:07:24.991,3104020,57,28,1,FeedEvent_57_2017-03-01_16-07-24.991.avi,0.001349,5617,0.000092,TRUE,12209.707,Started
01/03/2017 16:07:30.641,3104190,57,28,1,FeedEvent_57_2017-03-01_16-07-30.641.avi,0.001077,5585,0.000092,TRUE,12215.357,Started
01/03/2017 16:07:33.766,3104284,37,18,1,FeedEvent_37_2017-03-01_16-07-33.766.avi,0.001139,9306,0.000186,TRUE,12218.482,Started
01/03/2017 16:07:36.258,3104359,57,28,1,FeedEvent_57_2017-03-01_16-07-36.258.avi,0.001038,12099,0.000092,TRUE,12220.974,Started
01/03/2017 16:07:46.130,3104656,29,14,1,FeedEvent_29_2017-03-01_16-07-46.130.avi,0.012051,8177,0.000197,TRUE,12230.846,Started
01/03/2017 16:07:59.890,3105070,29,14,1,FeedEvent_29_2017-03-01_16-07-59.890.avi,0.005846,7212,0.000197,TRUE,12244.606,Started
01/03/2017 16:08:15.744,3105547,37,18,1,FeedEvent_37_2017-03-01_16-08-15.744.avi,0.060346,18614,0.000186,TRUE,12260.460,Started
01/03/2017 16:08:34.390,3106108,37,18,1,FeedEvent_37_2017-03-01_16-08-34.390.avi,0.001801,1961,0.000186,TRUE,12279.106,Started
01/03/2017 16:08:36.384,3106168,37,18,1,FeedEvent_37_2017-03-01_16-08-36.384.avi,0.001465,7878,0.000186,TRUE,12281.100,Started
01/03/2017 16:10:03.897,3108801,59,29,1,FeedEvent_59_2017-03-01_16-10-03.897.avi,0.001619,8543,0.000120,TRUE,12368.613,Started
01/03/2017 16:10:23.474,3109390,59,29,1,FeedEvent_59_2017-03-01_16-10-23.474.avi,0.001184,3988,0.000120,TRUE,12388.190,Started
01/03/2017 16:10:37.965,3109826,59,29,1,FeedEvent_59_2017-03-01_16-10-37.965.avi,0.001074,6315,0.000120,TRUE,12402.681,Started
01/03/2017 16:10:44.314,3110017,59,29,1,FeedEvent_59_2017-03-01_16-10-44.314.avi,0.001185,4454,0.000120,TRUE,12409.030,Started
01/03/2017 16:10:48.801,3110152,59,29,1,FeedEvent_59_2017-03-01_16-10-48.801.avi,0.001072,8442,0.000120,TRUE,12413.517,Started
01/03/2017 16:10:57.276,3110407,59,29,1,FeedEvent_59_2017-03-01_16-10-57.276.avi,0.001301,5285,0.000120,TRUE,12421.992,Started
01/03/2017 16:11:02.594,3110567,59,29,1,FeedEvent_59_2017-03-01_16-11-02.594.avi,0.001028,10438,0.000120,TRUE,12427.310,Started
01/03/2017 16:11:13.064,3110882,59,29,1,FeedEvent_59_2017-03-01_16-11-13.064.avi,0.001142,6016,0.000120,TRUE,12437.780,Started
01/03/2017 16:11:19.113,3111064,59,29,1,FeedEvent_59_2017-03-01_16-11-19.113.avi,0.001533,8410,0.000120,TRUE,12443.829,Started
01/03/2017 16:11:38.257,3111640,59,29,1,FeedEvent_59_2017-03-01_16-11-38.257.avi,0.001230,2892,0.000120,TRUE,12462.973,Started
01/03/2017 16:13:37.479,3115227,38,19,0,FeedEvent_38_2017-03-01_16-13-37.479.avi,0.003305,12498,0.000171,TRUE,12582.195,Started
01/03/2017 16:13:50.009,3115604,38,19,0,FeedEvent_38_2017-03-01_16-13-50.009.avi,0.002563,3955,0.000171,TRUE,12594.725,Started
01/03/2017 16:13:51.073,3115636,54,27,0,FeedEvent_54_2017-03-01_16-13-51.073.avi,0.045647,23632,0.000182,TRUE,12595.789,Started
01/03/2017 16:14:14.737,3116348,54,27,0,FeedEvent_54_2017-03-01_16-14-14.737.avi,0.001477,3657,0.000182,TRUE,12619.453,Started
01/03/2017 16:14:23.446,3116610,54,27,0,FeedEvent_54_2017-03-01_16-14-23.446.avi,0.008025,10504,0.000182,TRUE,12628.162,Started
01/03/2017 16:14:40.131,3117112,57,28,1,FeedEvent_57_2017-03-01_16-14-40.131.avi,0.001039,8907,0.000092,TRUE,12644.847,Started
01/03/2017 16:14:49.071,3117381,57,28,1,FeedEvent_57_2017-03-01_16-14-49.071.avi,0.001042,11668,0.000092,TRUE,12653.787,Started
01/03/2017 16:14:51.664,3117459,24,12,0,FeedEvent_24_2017-03-01_16-14-51.664.avi,0.001171,10071,0.000256,TRUE,12656.380,Started
01/03/2017 16:15:22.973,3118401,57,28,1,FeedEvent_57_2017-03-01_16-15-22.973.avi,0.001101,2461,0.000092,TRUE,12687.689,Started
01/03/2017 16:15:25.466,3118476,57,28,1,FeedEvent_57_2017-03-01_16-15-25.466.avi,0.001295,10968,0.000092,TRUE,12690.182,Started
01/03/2017 16:15:36.467,3118807,57,28,1,FeedEvent_57_2017-03-01_16-15-36.467.avi,0.001017,10238,0.000092,TRUE,12701.183,Started
01/03/2017 16:15:46.738,3119116,57,28,1,FeedEvent_57_2017-03-01_16-15-46.738.avi,0.001511,4852,0.000092,TRUE,12711.454,Started
01/03/2017 16:15:51.624,3119263,57,28,1,FeedEvent_57_2017-03-01_16-15-51.624.avi,0.001362,9107,0.000092,TRUE,12716.340,Started
01/03/2017 16:16:00.764,3119538,57,28,1,FeedEvent_57_2017-03-01_16-16-00.764.avi,0.001982,10071,0.000092,TRUE,12725.480,Started
01/03/2017 16:16:10.868,3119842,57,28,1,FeedEvent_57_2017-03-01_16-16-10.868.avi,0.001043,10537,0.000092,TRUE,12735.584,Started
01/03/2017 16:16:21.437,3120160,57,28,1,FeedEvent_57_2017-03-01_16-16-21.437.avi,0.001271,5717,0.000092,TRUE,12746.153,Started
01/03/2017 16:16:39.917,3120716,57,28,1,FeedEvent_57_2017-03-01_16-16-39.917.avi,0.001076,3623,0.000092,TRUE,12764.633,Started
01/03/2017 16:16:55.671,3121190,22,11,0,FeedEvent_22_2017-03-01_16-16-55.671.avi,0.060083,18415,0.000064,TRUE,12780.387,Started
01/03/2017 16:18:36.612,3124227,38,19,0,FeedEvent_38_2017-03-01_16-18-36.612.avi,0.002627,10139,0.000093,TRUE,12881.328,Started
01/03/2017 16:18:44.855,3124475,59,29,1,FeedEvent_59_2017-03-01_16-18-44.855.avi,0.001450,10371,0.000120,TRUE,12889.571,Started
01/03/2017 16:18:55.258,3124788,59,29,1,FeedEvent_59_2017-03-01_16-18-55.258.avi,0.001109,6614,0.000120,TRUE,12899.974,Started
01/03/2017 16:19:01.906,3124988,59,29,1,FeedEvent_59_2017-03-01_16-19-01.906.avi,0.001061,9406,0.000120,TRUE,12906.622,Started
01/03/2017 16:19:11.345,3125272,59,29,1,FeedEvent_59_2017-03-01_16-19-11.345.avi,0.001085,7047,0.000120,TRUE,12916.061,Started
01/03/2017 16:19:18.425,3125485,59,29,1,FeedEvent_59_2017-03-01_16-19-18.425.avi,0.001724,7411,0.000120,TRUE,12923.141,Started
01/03/2017 16:19:25.870,3125709,59,29,1,FeedEvent_59_2017-03-01_16-19-25.870.avi,0.001226,10105,0.000120,TRUE,12930.586,Started
01/03/2017 16:19:27.232,3125750,30,15,0,FeedEvent_30_2017-03-01_16-19-27.232.avi,0.004007,9108,0.000101,TRUE,12931.948,Started
01/03/2017 16:19:36.373,3126025,30,15,0,FeedEvent_30_2017-03-01_16-19-36.373.avi,0.001100,6846,0.000101,TRUE,12941.089,Started
01/03/2017 16:19:47.573,3126362,59,29,1,FeedEvent_59_2017-03-01_16-19-47.573.avi,0.001062,8841,0.000120,TRUE,12952.289,Started
01/03/2017 16:19:56.448,3126629,59,29,1,FeedEvent_59_2017-03-01_16-19-56.448.avi,0.001197,12764,0.000120,TRUE,12961.164,Started
01/03/2017 16:21:51.481,3130090,57,28,1,FeedEvent_57_2017-03-01_16-21-51.481.avi,0.001426,11268,0.000092,TRUE,13076.197,Started
01/03/2017 16:22:02.782,3130430,57,28,1,FeedEvent_57_2017-03-01_16-22-02.782.avi,0.001174,6515,0.000092,TRUE,13087.498,Started
01/03/2017 16:22:08.432,3130600,20,10,0,FeedEvent_20_2017-03-01_16-22-08.432.avi,0.019895,8210,0.000304,TRUE,13093.148,Started
01/03/2017 16:22:21.827,3131003,57,28,1,FeedEvent_57_2017-03-01_16-22-21.827.avi,0.001288,2260,0.000092,TRUE,13106.543,Started
01/03/2017 16:22:34.590,3131387,57,28,1,FeedEvent_57_2017-03-01_16-22-34.590.avi,0.001034,6381,0.000092,TRUE,13119.306,Started
01/03/2017 16:22:41.004,3131580,57,28,1,FeedEvent_57_2017-03-01_16-22-41.004.avi,0.001200,4156,0.000092,TRUE,13125.720,Started
01/03/2017 16:22:45.192,3131706,57,28,1,FeedEvent_57_2017-03-01_16-22-45.192.avi,0.001007,4587,0.000092,TRUE,13129.908,Started
01/03/2017 16:22:49.812,3131845,57,28,1,FeedEvent_57_2017-03-01_16-22-49.812.avi,0.001300,7146,0.000092,TRUE,13134.528,Started
01/03/2017 16:22:56.991,3132061,57,28,1,FeedEvent_57_2017-03-01_16-22-56.991.avi,0.001103,7280,0.000092,TRUE,13141.707,Started
01/03/2017 16:23:04.304,3132281,57,28,1,FeedEvent_57_2017-03-01_16-23-04.304.avi,0.001188,6448,0.000092,TRUE,13149.020,Started
01/03/2017 16:23:10.785,3132476,57,28,1,FeedEvent_57_2017-03-01_16-23-10.785.avi,0.001895,7679,0.000092,TRUE,13155.501,Started
01/03/2017 16:23:30.561,3133071,57,28,1,FeedEvent_57_2017-03-01_16-23-30.561.avi,0.001256,12265,0.000092,TRUE,13175.277,Started
01/03/2017 16:24:06.257,3134145,57,28,1,FeedEvent_57_2017-03-01_16-24-06.257.avi,0.001180,7879,0.000092,TRUE,13210.973,Started
01/03/2017 16:24:25.967,3134738,57,28,1,FeedEvent_57_2017-03-01_16-24-25.967.avi,0.001052,3092,0.000092,TRUE,13230.683,Started
01/03/2017 16:24:29.091,3134832,57,28,1,FeedEvent_57_2017-03-01_16-24-29.091.avi,0.001136,8908,0.000092,TRUE,13233.807,Started
01/03/2017 16:25:03.758,3135875,59,29,1,FeedEvent_59_2017-03-01_16-25-03.758.avi,0.001277,12630,0.000120,TRUE,13268.474,Started
01/03/2017 16:25:16.421,3136256,59,29,1,FeedEvent_59_2017-03-01_16-25-16.421.avi,0.001308,12498,0.000120,TRUE,13281.137,Started
01/03/2017 16:25:52.782,3137350,59,29,1,FeedEvent_59_2017-03-01_16-25-52.782.avi,0.001196,2494,0.000120,TRUE,13317.498,Started
01/03/2017 16:25:56.172,3137452,59,29,1,FeedEvent_59_2017-03-01_16-25-56.172.avi,0.001422,10138,0.000120,TRUE,13320.888,Started
01/03/2017 16:26:06.343,3137758,59,29,1,FeedEvent_59_2017-03-01_16-26-06.343.avi,0.001095,5884,0.000120,TRUE,13331.059,Started
01/03/2017 16:26:12.259,3137936,59,29,1,FeedEvent_59_2017-03-01_16-26-12.259.avi,0.001653,11334,0.000120,TRUE,13336.975,Started
01/03/2017 16:26:23.626,3138278,59,29,1,FeedEvent_59_2017-03-01_16-26-23.626.avi,0.001053,10238,0.000120,TRUE,13348.342,Started
01/03/2017 16:30:30.843,3145716,57,28,1,FeedEvent_57_2017-03-01_16-30-30.843.avi,0.001113,4223,0.000092,TRUE,13595.559,Started
01/03/2017 16:31:00.757,3146616,57,28,1,FeedEvent_57_2017-03-01_16-31-00.757.avi,0.001388,8809,0.000092,TRUE,13625.473,Started
01/03/2017 16:31:09.598,3146882,57,28,1,FeedEvent_57_2017-03-01_16-31-09.598.avi,0.001141,9406,0.000092,TRUE,13634.314,Started
01/03/2017 16:31:19.037,3147166,57,28,1,FeedEvent_57_2017-03-01_16-31-19.037.avi,0.001022,10969,0.000092,TRUE,13643.753,Started
01/03/2017 16:31:30.039,3147497,57,28,1,FeedEvent_57_2017-03-01_16-31-30.039.avi,0.001100,4985,0.000092,TRUE,13654.755,Started
01/03/2017 16:31:35.057,3147648,57,28,1,FeedEvent_57_2017-03-01_16-31-35.057.avi,0.001134,2626,0.000092,TRUE,13659.773,Started
01/03/2017 16:31:30.870,3147522,39,19,1,FeedEvent_39_2017-03-01_16-31-30.870.avi,0.001544,9073,0.000162,TRUE,13655.586,Started
01/03/2017 16:31:37.716,3147728,57,28,1,FeedEvent_57_2017-03-01_16-31-37.716.avi,0.001465,7247,0.000092,TRUE,13662.432,Started
01/03/2017 16:31:44.995,3147947,57,28,1,FeedEvent_57_2017-03-01_16-31-44.995.avi,0.001215,6216,0.000092,TRUE,13669.711,Started
01/03/2017 16:31:51.244,3148135,57,28,1,FeedEvent_57_2017-03-01_16-31-51.244.avi,0.001496,7944,0.000092,TRUE,13675.960,Started
01/03/2017 16:31:59.221,3148375,57,28,1,FeedEvent_57_2017-03-01_16-31-59.221.avi,0.001030,11069,0.000092,TRUE,13683.937,Started
01/03/2017 16:32:10.322,3148709,57,28,1,FeedEvent_57_2017-03-01_16-32-10.322.avi,0.001116,8475,0.000092,TRUE,13695.038,Started
01/03/2017 16:32:18.831,3148965,57,28,1,FeedEvent_57_2017-03-01_16-32-18.831.avi,0.001034,10138,0.000092,TRUE,13703.547,Started
01/03/2017 16:32:29.001,3149271,57,28,1,FeedEvent_57_2017-03-01_16-32-29.001.avi,0.001066,8643,0.000092,TRUE,13713.717,Started
01/03/2017 16:32:37.676,3149532,57,28,1,FeedEvent_57_2017-03-01_16-32-37.676.avi,0.001073,12730,0.000092,TRUE,13722.392,Started
01/03/2017 16:33:09.883,3150501,24,12,0,FeedEvent_24_2017-03-01_16-33-09.883.avi,0.003445,6482,0.000064,TRUE,13754.599,Started
01/03/2017 16:33:16.397,3150697,24,12,0,FeedEvent_24_2017-03-01_16-33-16.397.avi,0.005677,5717,0.000064,TRUE,13761.113,Started
01/03/2017 16:33:22.147,3150870,24,12,0,FeedEvent_24_2017-03-01_16-33-22.147.avi,0.001205,8610,0.000064,TRUE,13766.863,Started
01/03/2017 16:33:58.874,3151975,59,29,1,FeedEvent_59_2017-03-01_16-33-58.874.avi,0.001014,7945,0.000173,TRUE,13803.590,Started
01/03/2017 16:34:00.603,3152027,24,12,0,FeedEvent_24_2017-03-01_16-34-00.603.avi,0.012825,7213,0.000064,TRUE,13805.319,Started
01/03/2017 16:34:17.753,3152543,59,29,1,FeedEvent_59_2017-03-01_16-34-17.753.avi,0.001335,10836,0.000173,TRUE,13822.469,Started
01/03/2017 16:34:28.655,3152871,59,29,1,FeedEvent_59_2017-03-01_16-34-28.655.avi,0.001455,6581,0.000173,TRUE,13833.371,Started
01/03/2017 16:35:05.315,3153974,24,12,0,FeedEvent_24_2017-03-01_16-35-05.315.avi,0.003214,5517,0.000269,TRUE,13870.031,Started
01/03/2017 16:37:35.314,3158487,57,28,1,FeedEvent_57_2017-03-01_16-37-35.314.avi,0.001107,10968,0.000092,TRUE,14020.030,Started
01/03/2017 16:37:57.882,3159166,57,28,1,FeedEvent_57_2017-03-01_16-37-57.882.avi,0.001175,4919,0.000092,TRUE,14042.598,Started
01/03/2017 16:38:03.532,3159336,39,19,1,FeedEvent_39_2017-03-01_16-38-03.532.avi,0.002440,7845,0.000177,TRUE,14048.248,Started
01/03/2017 16:38:11.409,3159573,39,19,1,FeedEvent_39_2017-03-01_16-38-11.409.avi,0.001076,2826,0.000177,TRUE,14056.125,Started
01/03/2017 16:38:13.902,3159648,57,28,1,FeedEvent_57_2017-03-01_16-38-13.902.avi,0.001007,4487,0.000092,TRUE,14058.618,Started
01/03/2017 16:38:18.422,3159784,57,28,1,FeedEvent_57_2017-03-01_16-38-18.422.avi,0.001004,7745,0.000092,TRUE,14063.138,Started
01/03/2017 16:38:26.200,3160018,57,28,1,FeedEvent_57_2017-03-01_16-38-26.200.avi,0.001014,2826,0.000092,TRUE,14070.916,Started
01/03/2017 16:38:26.931,3160040,39,19,1,FeedEvent_39_2017-03-01_16-38-26.931.avi,0.001104,6548,0.000177,TRUE,14071.647,Started
01/03/2017 16:38:29.058,3160104,57,28,1,FeedEvent_57_2017-03-01_16-38-29.058.avi,0.001069,11401,0.000092,TRUE,14073.774,Started
01/03/2017 16:38:40.492,3160448,57,28,1,FeedEvent_57_2017-03-01_16-38-40.492.avi,0.001308,6582,0.000092,TRUE,14085.208,Started
01/03/2017 16:38:43.915,3160551,39,19,1,FeedEvent_39_2017-03-01_16-38-43.915.avi,0.001375,8575,0.000177,TRUE,14088.631,Started
01/03/2017 16:38:47.106,3160647,57,28,1,FeedEvent_57_2017-03-01_16-38-47.106.avi,0.001009,6249,0.000092,TRUE,14091.822,Started
01/03/2017 16:38:53.388,3160836,57,28,1,FeedEvent_57_2017-03-01_16-38-53.388.avi,0.001102,7179,0.000092,TRUE,14098.104,Started
01/03/2017 16:38:52.524,3160810,39,19,1,FeedEvent_39_2017-03-01_16-38-52.524.avi,0.001009,11866,0.000177,TRUE,14097.240,Started
01/03/2017 16:39:00.600,3161053,57,28,1,FeedEvent_57_2017-03-01_16-39-00.600.avi,0.001242,8876,0.000092,TRUE,14105.316,Started
01/03/2017 16:39:05.154,3161190,34,17,0,FeedEvent_34_2017-03-01_16-39-05.154.avi,0.027577,9339,0.000259,TRUE,14109.870,Started
01/03/2017 16:39:14.527,3161472,34,17,0,FeedEvent_34_2017-03-01_16-39-14.527.avi,0.001954,1495,0.000259,TRUE,14119.243,Started
01/03/2017 16:40:20.236,3163449,59,29,1,FeedEvent_59_2017-03-01_16-40-20.236.avi,0.001114,7479,0.000173,TRUE,14184.952,Started
01/03/2017 16:40:51.712,3164396,59,29,1,FeedEvent_59_2017-03-01_16-40-51.712.avi,0.001019,5650,0.000173,TRUE,14216.428,Started
01/03/2017 16:41:08.463,3164900,59,29,1,FeedEvent_59_2017-03-01_16-41-08.463.avi,0.001005,10603,0.000173,TRUE,14233.179,Started
01/03/2017 16:47:11.279,3175816,39,19,1,FeedEvent_39_2017-03-01_16-47-11.279.avi,0.001070,7113,0.000177,TRUE,14595.995,Started
01/03/2017 16:47:18.425,3176031,39,19,1,FeedEvent_39_2017-03-01_16-47-18.425.avi,0.001145,7877,0.000177,TRUE,14603.141,Started
01/03/2017 16:47:37.204,3176596,39,19,1,FeedEvent_39_2017-03-01_16-47-37.204.avi,0.001026,10803,0.000177,TRUE,14621.920,Started
01/03/2017 16:49:52.179,3180657,59,29,1,FeedEvent_59_2017-03-01_16-49-52.179.avi,0.001014,8077,0.000173,TRUE,14756.895,Started
01/03/2017 16:50:12.222,3181260,59,29,1,FeedEvent_59_2017-03-01_16-50-12.222.avi,0.001046,6281,0.000173,TRUE,14776.938,Started
01/03/2017 16:53:34.203,3187337,39,19,1,FeedEvent_39_2017-03-01_16-53-34.203.avi,0.001023,9341,0.000177,TRUE,14978.919,Started
01/03/2017 16:53:43.576,3187619,39,19,1,FeedEvent_39_2017-03-01_16-53-43.576.avi,0.001237,5816,0.000177,TRUE,14988.292,Started
01/03/2017 16:53:45.271,3187670,27,13,1,FeedEvent_27_2017-03-01_16-53-45.271.avi,0.002319,4853,0.000121,TRUE,14989.987,Started
01/03/2017 16:53:50.157,3187817,27,13,1,FeedEvent_27_2017-03-01_16-53-50.157.avi,0.001179,3491,0.000121,TRUE,14994.873,Started
01/03/2017 16:53:53.680,3187923,27,13,1,FeedEvent_27_2017-03-01_16-53-53.680.avi,0.001097,8309,0.000121,TRUE,14998.396,Started
01/03/2017 16:54:01.358,3188154,39,19,1,FeedEvent_39_2017-03-01_16-54-01.358.avi,0.001106,5085,0.000177,TRUE,15006.074,Started
01/03/2017 16:54:17.012,3188625,39,19,1,FeedEvent_39_2017-03-01_16-54-17.012.avi,0.001268,8210,0.000177,TRUE,15021.728,Started
01/03/2017 16:54:28.413,3188968,26,13,0,FeedEvent_26_2017-03-01_16-54-28.413.avi,0.014680,8974,0.000082,TRUE,15033.129,Started
01/03/2017 16:54:37.420,3189239,26,13,0,FeedEvent_26_2017-03-01_16-54-37.420.avi,0.001319,4986,0.000082,TRUE,15042.136,Started
01/03/2017 16:54:42.439,3189390,26,13,0,FeedEvent_26_2017-03-01_16-54-42.439.avi,0.001084,6981,0.000082,TRUE,15047.155,Started
01/03/2017 16:54:49.452,3189601,26,13,0,FeedEvent_26_2017-03-01_16-54-49.452.avi,0.001034,8010,0.000082,TRUE,15054.168,Started
01/03/2017 16:54:57.495,3189843,26,13,0,FeedEvent_26_2017-03-01_16-54-57.495.avi,0.001177,2127,0.000082,TRUE,15062.211,Started
01/03/2017 16:54:59.656,3189908,26,13,0,FeedEvent_26_2017-03-01_16-54-59.656.avi,0.001256,5518,0.000082,TRUE,15064.372,Started
01/03/2017 16:55:05.206,3190075,26,13,0,FeedEvent_26_2017-03-01_16-55-05.206.avi,0.001174,5916,0.000082,TRUE,15069.922,Started
01/03/2017 16:55:11.156,3190254,26,13,0,FeedEvent_26_2017-03-01_16-55-11.156.avi,0.001561,8741,0.000082,TRUE,15075.872,Started
01/03/2017 16:55:19.930,3190518,26,13,0,FeedEvent_26_2017-03-01_16-55-19.930.avi,0.001315,3125,0.000082,TRUE,15084.646,Started
01/03/2017 16:55:23.088,3190613,26,13,0,FeedEvent_26_2017-03-01_16-55-23.088.avi,0.001087,6581,0.000082,TRUE,15087.804,Started
01/03/2017 16:55:29.702,3190812,26,13,0,FeedEvent_26_2017-03-01_16-55-29.702.avi,0.002147,10338,0.000082,TRUE,15094.418,Started
01/03/2017 16:55:40.072,3191124,26,13,0,FeedEvent_26_2017-03-01_16-55-40.072.avi,0.001064,7578,0.000082,TRUE,15104.788,Started
01/03/2017 16:55:43.894,3191239,27,13,1,FeedEvent_27_2017-03-01_16-55-43.894.avi,0.001222,4620,0.000187,TRUE,15108.610,Started
01/03/2017 16:55:48.547,3191379,27,13,1,FeedEvent_27_2017-03-01_16-55-48.547.avi,0.001308,5252,0.000187,TRUE,15113.263,Started
01/03/2017 16:55:53.832,3191538,27,13,1,FeedEvent_27_2017-03-01_16-55-53.832.avi,0.001060,2161,0.000187,TRUE,15118.548,Started
01/03/2017 16:56:02.972,3191813,26,13,0,FeedEvent_26_2017-03-01_16-56-02.972.avi,0.001043,5418,0.000082,TRUE,15127.688,Started
01/03/2017 16:56:13.309,3192124,59,29,1,FeedEvent_59_2017-03-01_16-56-13.309.avi,0.001033,9838,0.000173,TRUE,15138.025,Started
01/03/2017 16:56:45.815,3193102,59,29,1,FeedEvent_59_2017-03-01_16-56-45.815.avi,0.001428,9739,0.000173,TRUE,15170.531,Started
01/03/2017 16:56:43.256,3193025,34,17,0,FeedEvent_34_2017-03-01_16-56-43.256.avi,0.043411,12863,0.000094,TRUE,15167.972,Started
01/03/2017 17:00:49.309,3200428,28,14,0,FeedEvent_28_2017-03-01_17-00-49.309.avi,0.035818,14825,0.000136,TRUE,15414.025,Started
01/03/2017 17:02:18.318,3203106,43,21,1,FeedEvent_43_2017-03-01_17-02-18.318.avi,0.001293,11235,0.000116,TRUE,15503.034,Started
01/03/2017 17:04:14.415,3206599,34,17,0,FeedEvent_34_2017-03-01_17-04-14.415.avi,0.001077,5019,0.000068,TRUE,15619.131,Started
01/03/2017 17:04:19.467,3206751,34,17,0,FeedEvent_34_2017-03-01_17-04-19.467.avi,0.001224,2693,0.000068,TRUE,15624.183,Started
01/03/2017 17:04:20.298,3206776,57,28,1,FeedEvent_57_2017-03-01_17-04-20.298.avi,0.001189,9407,0.000181,TRUE,15625.014,Started
01/03/2017 17:05:22.418,3208645,59,29,1,FeedEvent_59_2017-03-01_17-05-22.418.avi,0.001016,10172,0.000173,TRUE,15687.134,Started
01/03/2017 17:07:00.202,3211587,34,17,0,FeedEvent_34_2017-03-01_17-07-00.202.avi,0.001396,6780,0.000223,TRUE,15784.918,Started
01/03/2017 17:07:53.614,3213194,42,21,0,FeedEvent_42_2017-03-01_17-07-53.614.avi,0.001317,6315,0.000097,TRUE,15838.330,Started
01/03/2017 17:08:12.792,3213771,42,21,0,FeedEvent_42_2017-03-01_17-08-12.792.avi,0.001284,5816,0.000097,TRUE,15857.508,Started
01/03/2017 17:08:11.495,3213732,20,10,0,FeedEvent_20_2017-03-01_17-08-11.495.avi,0.045986,19811,0.000400,TRUE,15856.211,Started
01/03/2017 17:10:29.097,3217872,43,21,1,FeedEvent_43_2017-03-01_17-10-29.097.avi,0.001378,4521,0.000179,TRUE,15993.813,Started
01/03/2017 17:10:33.650,3218009,43,21,1,FeedEvent_43_2017-03-01_17-10-33.650.avi,0.019409,18282,0.000179,TRUE,15998.366,Started
01/03/2017 17:10:51.964,3218560,43,21,1,FeedEvent_43_2017-03-01_17-10-51.964.avi,0.001313,4354,0.000179,TRUE,16016.680,Started
01/03/2017 17:11:40.955,3220034,34,17,0,FeedEvent_34_2017-03-01_17-11-40.955.avi,0.001023,1928,0.000309,TRUE,16065.671,Started
01/03/2017 17:11:51.425,3220349,57,28,1,FeedEvent_57_2017-03-01_17-11-51.425.avi,0.001071,1795,0.000181,TRUE,16076.141,Started
01/03/2017 17:11:46.406,3220198,26,13,0,FeedEvent_26_2017-03-01_17-11-46.406.avi,0.008539,7911,0.000126,TRUE,16071.122,Started
01/03/2017 17:11:53.785,3220420,34,17,0,FeedEvent_34_2017-03-01_17-11-53.785.avi,0.001096,6914,0.000309,TRUE,16078.501,Started
01/03/2017 17:11:53.253,3220404,57,28,1,FeedEvent_57_2017-03-01_17-11-53.253.avi,0.001092,9806,0.000181,TRUE,16077.969,Started
01/03/2017 17:12:14.791,3221052,57,28,1,FeedEvent_57_2017-03-01_17-12-14.791.avi,0.001507,4021,0.000181,TRUE,16099.507,Started
01/03/2017 17:12:18.846,3221174,57,28,1,FeedEvent_57_2017-03-01_17-12-18.846.avi,0.001002,7478,0.000181,TRUE,16103.562,Started
01/03/2017 17:12:28.252,3221457,59,29,1,FeedEvent_59_2017-03-01_17-12-28.252.avi,0.001255,10337,0.000173,TRUE,16112.968,Started
01/03/2017 17:12:39.087,3221783,57,28,1,FeedEvent_57_2017-03-01_17-12-39.087.avi,0.001015,5816,0.000181,TRUE,16123.803,Started
01/03/2017 17:12:51.650,3222161,59,29,1,FeedEvent_59_2017-03-01_17-12-51.650.avi,0.001326,10570,0.000173,TRUE,16136.366,Started
01/03/2017 17:13:02.253,3222480,59,29,1,FeedEvent_59_2017-03-01_17-13-02.253.avi,0.001019,4887,0.000173,TRUE,16146.969,Started
01/03/2017 17:13:19.836,3223009,59,29,1,FeedEvent_59_2017-03-01_17-13-19.836.avi,0.001055,6449,0.000173,TRUE,16164.552,Started
01/03/2017 17:13:26.317,3223204,59,29,1,FeedEvent_59_2017-03-01_17-13-26.317.avi,0.001110,10436,0.000173,TRUE,16171.033,Started
01/03/2017 17:16:59.699,3229624,30,15,0,FeedEvent_30_2017-03-01_17-16-59.699.avi,0.014603,16054,0.000267,TRUE,16384.415,Started
01/03/2017 17:18:38.911,3232609,34,17,0,FeedEvent_34_2017-03-01_17-18-38.911.avi,0.001003,11002,0.000309,TRUE,16483.627,Started
01/03/2017 17:19:01.180,3233279,34,17,0,FeedEvent_34_2017-03-01_17-19-01.180.avi,0.001716,10004,0.000309,TRUE,16505.896,Started
01/03/2017 17:20:36.903,3236159,47,23,1,FeedEvent_47_2017-03-01_17-20-36.903.avi,0.014269,10537,0.000081,TRUE,16601.619,Started
01/03/2017 17:21:14.760,3237298,59,29,1,FeedEvent_59_2017-03-01_17-21-14.760.avi,0.001131,2726,0.000173,TRUE,16639.476,Started
01/03/2017 17:21:17.419,3237378,38,19,0,FeedEvent_38_2017-03-01_17-21-17.419.avi,0.009050,8974,0.000255,TRUE,16642.135,Started
01/03/2017 17:28:19.629,3250081,59,29,1,FeedEvent_59_2017-03-01_17-28-19.629.avi,0.001034,7412,0.000173,TRUE,17064.345,Started
01/03/2017 17:28:39.837,3250689,59,29,1,FeedEvent_59_2017-03-01_17-28-39.837.avi,0.001206,2825,0.000173,TRUE,17084.553,Started
01/03/2017 17:30:51.523,3254651,34,17,0,FeedEvent_34_2017-03-01_17-30-51.523.avi,0.001347,7313,0.000309,TRUE,17216.239,Started
01/03/2017 17:31:09.437,3255190,34,17,0,FeedEvent_34_2017-03-01_17-31-09.437.avi,0.001486,10072,0.000309,TRUE,17234.153,Started
01/03/2017 17:31:19.541,3255494,34,17,0,FeedEvent_34_2017-03-01_17-31-19.541.avi,0.001398,1895,0.000309,TRUE,17244.257,Started
01/03/2017 17:31:34.997,3255959,34,17,0,FeedEvent_34_2017-03-01_17-31-34.997.avi,0.001485,5849,0.000309,TRUE,17259.713,Started
01/03/2017 17:32:46.955,3258124,59,29,1,FeedEvent_59_2017-03-01_17-32-46.955.avi,0.007762,7478,0.000075,TRUE,17331.671,Started
01/03/2017 17:32:54.466,3258350,59,29,1,FeedEvent_59_2017-03-01_17-32-54.466.avi,0.002246,1298,0.000075,TRUE,17339.182,Started
01/03/2017 17:33:07.362,3258738,59,29,1,FeedEvent_59_2017-03-01_17-33-07.362.avi,0.005924,6549,0.000075,TRUE,17352.078,Started
01/03/2017 17:35:53.614,3263740,47,23,1,FeedEvent_47_2017-03-01_17-35-53.614.avi,0.007457,8343,0.000091,TRUE,17518.330,Started
01/03/2017 17:37:39.441,3266924,59,29,1,FeedEvent_59_2017-03-01_17-37-39.441.avi,0.001192,5052,0.000067,TRUE,17624.157,Started
01/03/2017 17:41:31.336,3273901,25,12,1,FeedEvent_25_2017-03-01_17-41-31.336.avi,0.048242,15057,0.000078,TRUE,17856.052,Started
01/03/2017 17:41:46.426,3274355,25,12,1,FeedEvent_25_2017-03-01_17-41-46.426.avi,0.001275,1927,0.000078,TRUE,17871.142,Started
01/03/2017 17:42:45.388,3276129,34,17,0,FeedEvent_34_2017-03-01_17-42-45.388.avi,0.001011,4421,0.000309,TRUE,17930.104,Started
01/03/2017 17:42:58.650,3276528,24,12,0,FeedEvent_24_2017-03-01_17-42-58.650.avi,0.001000,6913,0.000208,TRUE,17943.366,Started
01/03/2017 17:46:28.741,3282849,22,11,0,FeedEvent_22_2017-03-01_17-46-28.741.avi,0.057298,11867,0.000120,TRUE,18153.457,Started
01/03/2017 17:46:49.980,3283488,23,11,1,FeedEvent_23_2017-03-01_17-46-49.980.avi,0.003934,10537,0.000092,TRUE,18174.696,Started
01/03/2017 17:47:18.796,3284355,23,11,1,FeedEvent_23_2017-03-01_17-47-18.796.avi,0.001131,4221,0.000092,TRUE,18203.512,Started
01/03/2017 17:46:28.442,3282840,5,2,1,FeedEvent_5_2017-03-01_17-46-28.442.avi,0.293413,70367,0.000028,TRUE,18153.158,Started
01/03/2017 17:48:56.414,3287292,24,12,0,FeedEvent_24_2017-03-01_17-48-56.414.avi,0.016403,10836,0.000175,TRUE,18301.130,Started
01/03/2017 17:49:07.282,3287619,24,12,0,FeedEvent_24_2017-03-01_17-49-07.282.avi,0.020727,10138,0.000175,TRUE,18311.998,Started
01/03/2017 17:49:17.453,3287925,24,12,0,FeedEvent_24_2017-03-01_17-49-17.453.avi,0.001223,1794,0.000175,TRUE,18322.169,Started
01/03/2017 17:49:41.350,3288644,24,12,0,FeedEvent_24_2017-03-01_17-49-41.350.avi,0.014150,6647,0.000175,TRUE,18346.066,Started
01/03/2017 17:50:11.529,3289552,24,12,0,FeedEvent_24_2017-03-01_17-50-11.529.avi,0.001802,3291,0.000175,TRUE,18376.245,Started
01/03/2017 17:50:46.960,3290618,24,12,0,FeedEvent_24_2017-03-01_17-50-46.960.avi,0.004055,6913,0.000175,TRUE,18411.676,Started
01/03/2017 17:50:53.907,3290827,24,12,0,FeedEvent_24_2017-03-01_17-50-53.907.avi,0.001338,5118,0.000175,TRUE,18418.623,Started
01/03/2017 17:50:59.058,3290982,24,12,0,FeedEvent_24_2017-03-01_17-50-59.058.avi,0.007396,12432,0.000175,TRUE,18423.774,Started
01/03/2017 17:51:11.522,3291357,24,12,0,FeedEvent_24_2017-03-01_17-51-11.522.avi,0.001330,1496,0.000175,TRUE,18436.238,Started
01/03/2017 17:51:13.051,3291403,24,12,0,FeedEvent_24_2017-03-01_17-51-13.051.avi,0.001056,2792,0.000175,TRUE,18437.767,Started
01/03/2017 17:51:15.876,3291488,24,12,0,FeedEvent_24_2017-03-01_17-51-15.876.avi,0.001013,4787,0.000175,TRUE,18440.592,Started
01/03/2017 17:51:20.696,3291633,24,12,0,FeedEvent_24_2017-03-01_17-51-20.696.avi,0.001128,1927,0.000175,TRUE,18445.412,Started
01/03/2017 17:51:22.657,3291692,24,12,0,FeedEvent_24_2017-03-01_17-51-22.657.avi,0.001630,4786,0.000175,TRUE,18447.373,Started
01/03/2017 17:51:38.145,3292158,24,12,0,FeedEvent_24_2017-03-01_17-51-38.145.avi,0.001333,8775,0.000175,TRUE,18462.861,Started
01/03/2017 17:51:46.953,3292423,24,12,0,FeedEvent_24_2017-03-01_17-51-46.953.avi,0.001050,7512,0.000175,TRUE,18471.669,Started
01/03/2017 17:51:54.498,3292650,24,12,0,FeedEvent_24_2017-03-01_17-51-54.498.avi,0.007421,15190,0.000175,TRUE,18479.214,Started
01/03/2017 17:53:43.981,3295944,39,19,1,FeedEvent_39_2017-03-01_17-53-43.981.avi,0.004216,9672,0.000071,TRUE,18588.697,Started
01/03/2017 17:58:09.877,3303944,25,12,1,FeedEvent_25_2017-03-01_17-58-09.877.avi,0.001039,9341,0.000052,TRUE,18854.593,Started
01/03/2017 18:00:43.166,3308556,2,1,0,FeedEvent_2_2017-03-01_18-00-43.166.avi,0.001075,10537,0.000107,TRUE,19007.882,Started
01/03/2017 18:01:25.810,3309839,52,26,0,FeedEvent_52_2017-03-01_18-01-25.810.avi,0.002107,2725,0.000186,TRUE,19050.526,Started
01/03/2017 18:01:28.568,3309922,52,26,0,FeedEvent_52_2017-03-01_18-01-28.568.avi,0.001736,1995,0.000186,TRUE,19053.284,Started
01/03/2017 18:01:30.596,3309983,52,26,0,FeedEvent_52_2017-03-01_18-01-30.596.avi,0.001622,1495,0.000186,TRUE,19055.312,Started
01/03/2017 18:00:07.337,3307478,12,6,0,FeedEvent_12_2017-03-01_18-00-07.337.avi,0.333608,90376,0.000084,TRUE,18972.053,Started
01/03/2017 18:03:05.687,3312844,12,6,0,FeedEvent_12_2017-03-01_18-03-05.687.avi,0.027931,16819,0.000084,TRUE,19150.403,Started
01/03/2017 18:03:22.538,3313351,12,6,0,FeedEvent_12_2017-03-01_18-03-22.538.avi,0.001050,3424,0.000084,TRUE,19167.254,Started
01/03/2017 18:03:25.995,3313455,12,6,0,FeedEvent_12_2017-03-01_18-03-25.995.avi,0.012248,8210,0.000084,TRUE,19170.711,Started
01/03/2017 18:03:34.238,3313703,12,6,0,FeedEvent_12_2017-03-01_18-03-34.238.avi,0.001187,3589,0.000084,TRUE,19178.954,Started
01/03/2017 18:03:37.860,3313812,12,6,0,FeedEvent_12_2017-03-01_18-03-37.860.avi,0.001340,5584,0.000084,TRUE,19182.576,Started
01/03/2017 18:03:53.914,3314295,12,6,0,FeedEvent_12_2017-03-01_18-03-53.914.avi,0.008260,11334,0.000084,TRUE,19198.630,Started
01/03/2017 18:05:49.247,3317765,56,28,0,FeedEvent_56_2017-03-01_18-05-49.247.avi,0.001105,3357,0.000261,TRUE,19313.963,Started
01/03/2017 18:06:30.627,3319010,23,11,1,FeedEvent_23_2017-03-01_18-06-30.627.avi,0.018991,12696,0.000090,TRUE,19355.343,Started
01/03/2017 18:06:43.356,3319393,23,11,1,FeedEvent_23_2017-03-01_18-06-43.356.avi,0.001228,11003,0.000090,TRUE,19368.072,Started
01/03/2017 18:09:27.747,3324339,12,6,0,FeedEvent_12_2017-03-01_18-09-27.747.avi,0.001197,11136,0.000084,TRUE,19532.463,Started
01/03/2017 18:09:38.915,3324675,12,6,0,FeedEvent_12_2017-03-01_18-09-38.915.avi,0.001032,11167,0.000084,TRUE,19543.631,Started
01/03/2017 18:09:50.116,3325012,12,6,0,FeedEvent_12_2017-03-01_18-09-50.116.avi,0.001208,10404,0.000084,TRUE,19554.832,Started
01/03/2017 18:10:00.552,3325326,12,6,0,FeedEvent_12_2017-03-01_18-10-00.552.avi,0.001051,7279,0.000084,TRUE,19565.268,Started
01/03/2017 18:10:20.760,3325934,12,6,0,FeedEvent_12_2017-03-01_18-10-20.760.avi,0.001202,11601,0.000084,TRUE,19585.476,Started
01/03/2017 18:10:32.393,3326284,12,6,0,FeedEvent_12_2017-03-01_18-10-32.393.avi,0.001256,10038,0.000084,TRUE,19597.109,Started
01/03/2017 18:10:42.464,3326587,12,6,0,FeedEvent_12_2017-03-01_18-10-42.464.avi,0.001043,6249,0.000084,TRUE,19607.180,Started
01/03/2017 18:11:11.845,3327471,12,6,0,FeedEvent_12_2017-03-01_18-11-11.845.avi,0.001136,12931,0.000084,TRUE,19636.561,Started
01/03/2017 18:11:24.808,3327861,12,6,0,FeedEvent_12_2017-03-01_18-11-24.808.avi,0.001012,9539,0.000084,TRUE,19649.524,Started
01/03/2017 18:11:34.380,3328149,12,6,0,FeedEvent_12_2017-03-01_18-11-34.380.avi,0.001075,10105,0.000084,TRUE,19659.096,Started
01/03/2017 18:12:06.221,3329107,47,23,1,FeedEvent_47_2017-03-01_18-12-06.221.avi,0.002911,7346,0.000097,TRUE,19690.937,Started
01/03/2017 18:13:10.269,3331034,12,6,0,FeedEvent_12_2017-03-01_18-13-10.269.avi,0.022295,13528,0.000084,TRUE,19754.985,Started
01/03/2017 18:13:23.830,3331442,12,6,0,FeedEvent_12_2017-03-01_18-13-23.830.avi,0.017315,10205,0.000084,TRUE,19768.546,Started
01/03/2017 18:13:34.067,3331750,12,6,0,FeedEvent_12_2017-03-01_18-13-34.067.avi,0.003714,3091,0.000084,TRUE,19778.783,Started
01/03/2017 18:16:18.923,3336710,10,5,0,FeedEvent_10_2017-03-01_18-16-18.923.avi,0.250357,74788,0.000287,TRUE,19943.639,Started
01/03/2017 18:17:29.618,3338837,20,10,0,FeedEvent_20_2017-03-01_18-17-29.618.avi,0.022996,9906,0.000442,TRUE,20014.334,Started
01/03/2017 18:17:33.739,3338961,10,5,0,FeedEvent_10_2017-03-01_18-17-33.739.avi,0.039156,16287,0.000287,TRUE,20018.455,Started
01/03/2017 18:17:50.059,3339452,10,5,0,FeedEvent_10_2017-03-01_18-17-50.059.avi,0.001285,14757,0.000287,TRUE,20034.775,Started
01/03/2017 18:18:04.849,3339897,10,5,0,FeedEvent_10_2017-03-01_18-18-04.849.avi,0.011314,18715,0.000287,TRUE,20049.565,Started
01/03/2017 18:19:12.919,3341945,23,11,1,FeedEvent_23_2017-03-01_18-19-12.919.avi,0.002318,6249,0.000059,TRUE,20117.635,Started
01/03/2017 18:19:10.725,3341879,10,5,0,FeedEvent_10_2017-03-01_18-19-10.725.avi,0.005287,12930,0.000287,TRUE,20115.441,Started
01/03/2017 18:19:22.491,3342233,34,17,0,FeedEvent_34_2017-03-01_18-19-22.491.avi,0.047397,12033,0.000114,TRUE,20127.207,Started
01/03/2017 18:19:34.556,3342596,34,17,0,FeedEvent_34_2017-03-01_18-19-34.556.avi,0.001257,2593,0.000114,TRUE,20139.272,Started
01/03/2017 18:21:13.935,3345586,23,11,1,FeedEvent_23_2017-03-01_18-21-13.935.avi,0.002947,4621,0.000091,TRUE,20238.651,Started
01/03/2017 18:20:54.757,3345009,9,4,1,FeedEvent_9_2017-03-01_18-20-54.757.avi,0.095334,25262,0.000095,TRUE,20219.473,Started
01/03/2017 18:21:28.825,3346034,23,11,1,FeedEvent_23_2017-03-01_18-21-28.825.avi,0.002873,4254,0.000091,TRUE,20253.541,Started
01/03/2017 18:21:20.050,3345770,9,4,1,FeedEvent_9_2017-03-01_18-21-20.050.avi,0.058736,18315,0.000095,TRUE,20244.766,Started
01/03/2017 18:21:33.113,3346163,23,11,1,FeedEvent_23_2017-03-01_18-21-33.113.avi,0.001283,10138,0.000091,TRUE,20257.829,Started
01/03/2017 18:21:50.562,3346688,9,4,1,FeedEvent_9_2017-03-01_18-21-50.562.avi,0.019685,9407,0.000095,TRUE,20275.278,Started
01/03/2017 18:22:00.001,3346972,9,4,1,FeedEvent_9_2017-03-01_18-22-00.001.avi,0.001623,4787,0.000095,TRUE,20284.717,Started
01/03/2017 18:22:04.821,3347117,9,4,1,FeedEvent_9_2017-03-01_18-22-04.821.avi,0.043442,20408,0.000095,TRUE,20289.537,Started
01/03/2017 18:23:00.426,3348790,9,4,1,FeedEvent_9_2017-03-01_18-23-00.426.avi,0.001146,12665,0.000095,TRUE,20345.142,Started
01/03/2017 18:23:13.123,3349172,9,4,1,FeedEvent_9_2017-03-01_18-23-13.123.avi,0.001623,11767,0.000095,TRUE,20357.839,Started
01/03/2017 18:23:35.857,3349856,24,12,0,FeedEvent_24_2017-03-01_18-23-35.857.avi,0.002049,3890,0.000078,TRUE,20380.573,Started
01/03/2017 18:23:39.779,3349974,24,12,0,FeedEvent_24_2017-03-01_18-23-39.779.avi,0.001003,3091,0.000078,TRUE,20384.495,Started
01/03/2017 18:23:46.593,3350179,9,4,1,FeedEvent_9_2017-03-01_18-23-46.593.avi,0.001054,7412,0.000095,TRUE,20391.309,Started
01/03/2017 18:23:54.038,3350403,9,4,1,FeedEvent_9_2017-03-01_18-23-54.038.avi,0.001076,4754,0.000095,TRUE,20398.754,Started
01/03/2017 18:23:58.824,3350547,9,4,1,FeedEvent_9_2017-03-01_18-23-58.824.avi,0.001673,7644,0.000095,TRUE,20403.540,Started
01/03/2017 18:24:06.502,3350778,9,4,1,FeedEvent_9_2017-03-01_18-24-06.502.avi,0.001000,4021,0.000095,TRUE,20411.218,Started
01/03/2017 18:24:10.557,3350900,9,4,1,FeedEvent_9_2017-03-01_18-24-10.557.avi,0.001237,8011,0.000095,TRUE,20415.273,Started
01/03/2017 18:24:18.600,3351142,9,4,1,FeedEvent_9_2017-03-01_18-24-18.600.avi,0.001402,5285,0.000095,TRUE,20423.316,Started
01/03/2017 18:24:23.918,3351302,9,4,1,FeedEvent_9_2017-03-01_18-24-23.918.avi,0.001051,8310,0.000095,TRUE,20428.634,Started
01/03/2017 18:24:32.260,3351553,9,4,1,FeedEvent_9_2017-03-01_18-24-32.260.avi,0.001191,7944,0.000095,TRUE,20436.976,Started
01/03/2017 18:24:40.237,3351793,9,4,1,FeedEvent_9_2017-03-01_18-24-40.237.avi,0.001055,5152,0.000095,TRUE,20444.953,Started
01/03/2017 18:24:45.422,3351949,9,4,1,FeedEvent_9_2017-03-01_18-24-45.422.avi,0.001002,4322,0.000095,TRUE,20450.138,Started
01/03/2017 18:24:49.776,3352080,9,4,1,FeedEvent_9_2017-03-01_18-24-49.776.avi,0.001110,6116,0.000095,TRUE,20454.492,Started
01/03/2017 18:24:55.925,3352265,9,4,1,FeedEvent_9_2017-03-01_18-24-55.925.avi,0.001031,4720,0.000095,TRUE,20460.641,Started
01/03/2017 18:25:12.145,3352753,9,4,1,FeedEvent_9_2017-03-01_18-25-12.145.avi,0.001114,3889,0.000095,TRUE,20476.861,Started
01/03/2017 18:25:16.067,3352871,9,4,1,FeedEvent_9_2017-03-01_18-25-16.067.avi,0.001024,7845,0.000095,TRUE,20480.783,Started
01/03/2017 18:25:36.308,3353480,9,4,1,FeedEvent_9_2017-03-01_18-25-36.308.avi,0.001084,7646,0.000095,TRUE,20501.024,Started
01/03/2017 18:26:47.768,3355630,29,14,1,FeedEvent_29_2017-03-01_18-26-47.768.avi,0.002251,5751,0.000296,TRUE,20572.484,Started
01/03/2017 18:26:20.414,3354807,51,25,1,FeedEvent_51_2017-03-01_18-26-20.414.avi,0.180049,43974,0.000080,TRUE,20545.130,Started
01/03/2017 18:27:04.420,3356131,51,25,1,FeedEvent_51_2017-03-01_18-27-04.420.avi,0.001391,9506,0.000080,TRUE,20589.136,Started
01/03/2017 18:27:29.148,3356875,54,27,0,FeedEvent_54_2017-03-01_18-27-29.148.avi,0.017658,9938,0.000211,TRUE,20613.864,Started
01/03/2017 18:27:49.456,3357486,51,25,1,FeedEvent_51_2017-03-01_18-27-49.456.avi,0.004563,5052,0.000080,TRUE,20634.172,Started
01/03/2017 18:28:01.089,3357836,54,27,0,FeedEvent_54_2017-03-01_18-28-01.089.avi,0.002106,5185,0.000211,TRUE,20645.805,Started
01/03/2017 18:28:17.774,3358338,9,4,1,FeedEvent_9_2017-03-01_18-28-17.774.avi,0.001136,8941,0.000095,TRUE,20662.490,Started
01/03/2017 18:28:24.155,3358530,54,27,0,FeedEvent_54_2017-03-01_18-28-24.155.avi,0.001010,11501,0.000211,TRUE,20668.871,Started
01/03/2017 18:28:38.181,3358952,9,4,1,FeedEvent_9_2017-03-01_18-28-38.181.avi,0.001212,9141,0.000095,TRUE,20682.897,Started
01/03/2017 18:28:47.355,3359228,9,4,1,FeedEvent_9_2017-03-01_18-28-47.355.avi,0.001174,10005,0.000095,TRUE,20692.071,Started
01/03/2017 18:28:57.392,3359530,9,4,1,FeedEvent_9_2017-03-01_18-28-57.392.avi,0.001201,6980,0.000095,TRUE,20702.108,Started
01/03/2017 18:28:59.985,3359608,10,5,0,FeedEvent_10_2017-03-01_18-28-59.985.avi,0.001066,11634,0.000287,TRUE,20704.701,Started
01/03/2017 18:29:04.405,3359741,9,4,1,FeedEvent_9_2017-03-01_18-29-04.405.avi,0.001175,10139,0.000095,TRUE,20709.121,Started
01/03/2017 18:29:11.651,3359959,10,5,0,FeedEvent_10_2017-03-01_18-29-11.651.avi,0.001032,6781,0.000287,TRUE,20716.367,Started
01/03/2017 18:29:14.576,3360047,9,4,1,FeedEvent_9_2017-03-01_18-29-14.576.avi,0.001092,5251,0.000095,TRUE,20719.292,Started
01/03/2017 18:29:19.861,3360206,9,4,1,FeedEvent_9_2017-03-01_18-29-19.861.avi,0.001115,6248,0.000095,TRUE,20724.577,Started
01/03/2017 18:29:26.143,3360395,9,4,1,FeedEvent_9_2017-03-01_18-29-26.143.avi,0.001015,5584,0.000095,TRUE,20730.859,Started
01/03/2017 18:29:31.760,3360564,9,4,1,FeedEvent_9_2017-03-01_18-29-31.760.avi,0.001569,7278,0.000095,TRUE,20736.476,Started
01/03/2017 18:29:34.551,3360648,51,25,1,FeedEvent_51_2017-03-01_18-29-34.551.avi,0.001056,6149,0.000077,TRUE,20739.267,Started
01/03/2017 18:29:39.072,3360784,9,4,1,FeedEvent_9_2017-03-01_18-29-39.072.avi,0.001419,3822,0.000095,TRUE,20743.788,Started
01/03/2017 18:29:40.734,3360834,51,25,1,FeedEvent_51_2017-03-01_18-29-40.734.avi,0.001081,5219,0.000077,TRUE,20745.450,Started
01/03/2017 18:29:42.927,3360900,9,4,1,FeedEvent_9_2017-03-01_18-29-42.927.avi,0.001157,5286,0.000095,TRUE,20747.643,Started
01/03/2017 18:29:48.245,3361060,9,4,1,FeedEvent_9_2017-03-01_18-29-48.245.avi,0.001536,8775,0.000095,TRUE,20752.961,Started
01/03/2017 18:29:57.053,3361325,9,4,1,FeedEvent_9_2017-03-01_18-29-57.053.avi,0.001025,6117,0.000095,TRUE,20761.769,Started
01/03/2017 18:30:03.202,3361510,9,4,1,FeedEvent_9_2017-03-01_18-30-03.202.avi,0.001094,8176,0.000095,TRUE,20767.918,Started
01/03/2017 18:30:13.206,3361811,29,14,1,FeedEvent_29_2017-03-01_18-30-13.206.avi,0.002684,4487,0.000105,TRUE,20777.922,Started
01/03/2017 18:30:11.411,3361757,9,4,1,FeedEvent_9_2017-03-01_18-30-11.411.avi,0.001005,10272,0.000095,TRUE,20776.127,Started
01/03/2017 18:30:21.715,3362067,9,4,1,FeedEvent_9_2017-03-01_18-30-21.715.avi,0.001055,5683,0.000095,TRUE,20786.431,Started
01/03/2017 18:30:29.825,3362311,29,14,1,FeedEvent_29_2017-03-01_18-30-29.825.avi,0.002307,3290,0.000105,TRUE,20794.541,Started
01/03/2017 18:31:21.076,3363853,51,25,1,FeedEvent_51_2017-03-01_18-31-21.076.avi,0.001063,5418,0.000077,TRUE,20845.792,Started
01/03/2017 18:31:37.063,3364334,51,25,1,FeedEvent_51_2017-03-01_18-31-37.063.avi,0.001114,11036,0.000077,TRUE,20861.779,Started
01/03/2017 18:32:10.134,3365329,51,25,1,FeedEvent_51_2017-03-01_18-32-10.134.avi,0.001097,6282,0.000077,TRUE,20894.850,Started
01/03/2017 18:32:29.146,3365901,51,25,1,FeedEvent_51_2017-03-01_18-32-29.146.avi,0.001774,4553,0.000077,TRUE,20913.862,Started
01/03/2017 18:32:45.332,3366388,51,25,1,FeedEvent_51_2017-03-01_18-32-45.332.avi,0.001041,11334,0.000077,TRUE,20930.048,Started
01/03/2017 18:33:09.595,3367118,51,25,1,FeedEvent_51_2017-03-01_18-33-09.595.avi,0.001003,8344,0.000077,TRUE,20954.311,Started
01/03/2017 18:36:11.269,3372584,44,22,0,FeedEvent_44_2017-03-01_18-36-11.269.avi,0.235269,54180,0.000067,TRUE,21135.985,Started
01/03/2017 18:37:17.112,3374565,44,22,0,FeedEvent_44_2017-03-01_18-37-17.112.avi,0.004565,5418,0.000067,TRUE,21201.828,Started
01/03/2017 18:37:33.764,3375066,44,22,0,FeedEvent_44_2017-03-01_18-37-33.764.avi,0.001537,3723,0.000067,TRUE,21218.480,Started
01/03/2017 18:37:37.519,3375179,44,22,0,FeedEvent_44_2017-03-01_18-37-37.519.avi,0.001028,3557,0.000067,TRUE,21222.235,Started
01/03/2017 18:37:38.317,3375203,52,26,0,FeedEvent_52_2017-03-01_18-37-38.317.avi,0.004599,6548,0.000108,TRUE,21223.033,Started
01/03/2017 18:37:44.898,3375401,52,26,0,FeedEvent_52_2017-03-01_18-37-44.898.avi,0.003932,11933,0.000108,TRUE,21229.614,Started
01/03/2017 18:37:56.863,3375761,52,26,0,FeedEvent_52_2017-03-01_18-37-56.863.avi,0.001272,7578,0.000108,TRUE,21241.579,Started
01/03/2017 18:38:04.475,3375990,52,26,0,FeedEvent_52_2017-03-01_18-38-04.475.avi,0.001825,11068,0.000108,TRUE,21249.191,Started
01/03/2017 18:38:28.505,3376713,52,26,0,FeedEvent_52_2017-03-01_18-38-28.505.avi,0.001135,1696,0.000108,TRUE,21273.221,Started
01/03/2017 18:39:38.037,3378805,59,29,1,FeedEvent_59_2017-03-01_18-39-38.037.avi,0.009224,4754,0.000197,TRUE,21342.753,Started
01/03/2017 18:41:31.143,3382208,36,18,0,FeedEvent_36_2017-03-01_18-41-31.143.avi,0.119338,30380,0.000111,TRUE,21455.859,Started
01/03/2017 18:42:01.555,3383123,36,18,0,FeedEvent_36_2017-03-01_18-42-01.555.avi,0.059845,20142,0.000111,TRUE,21486.271,Started
01/03/2017 18:42:24.887,3383825,27,13,1,FeedEvent_27_2017-03-01_18-42-24.887.avi,0.001017,8941,0.000040,TRUE,21509.603,Started
01/03/2017 18:42:33.861,3384095,27,13,1,FeedEvent_27_2017-03-01_18-42-33.861.avi,0.001002,2858,0.000040,TRUE,21518.577,Started
01/03/2017 18:43:15.906,3385360,39,19,1,FeedEvent_39_2017-03-01_18-43-15.906.avi,0.002840,14392,0.000080,TRUE,21560.622,Started
01/03/2017 18:43:36.712,3385986,28,14,0,FeedEvent_28_2017-03-01_18-43-36.712.avi,0.045277,12797,0.000035,TRUE,21581.428,Started
